[
{
    "model": "sessions.session",
    "pk": "lw04gswp24nqc0l75nnrtdjul7xqrt5d",
    "fields": {
        "session_data": "ZjYxNmY3YzEzNDcxNGNlYzc5YzNiMTk0NzY1ZjhiODkzZDMwMjQxYTp7Il9hdXRoX3VzZXJfYmFja2VuZCI6ImRqYW5nby5jb250cmliLmF1dGguYmFja2VuZHMuTW9kZWxCYWNrZW5kIiwianVzdF9sb2dnZWRfaW4iOmZhbHNlLCJfYXV0aF91c2VyX2lkIjoiMTQiLCJfYXV0aF91c2VyX2hhc2giOiJlZjVlZThmMTczY2U0ZmQxNTVmYWJiZDBkZjMwMTQ5OWMwMDI1ODUzIn0=",
        "expire_date": "2018-07-01T21:24:55.524Z"
    }
},
{
    "model": "authentication.user",
    "pk": 1,
    "fields": {
        "password": "pbkdf2_sha256$36000$w1rfU1cffV8c$7sal01OYcQikN9+WDeTXpgCBDoX/lw5IPIyiFZsvLFU=",
        "last_login": "2018-06-17T20:37:24.352Z",
        "is_superuser": false,
        "email": "bryan75@martinez.com",
        "first_name": "Robert",
        "last_name": "Williams",
        "is_admin": false,
        "is_staff": false,
        "is_active": true,
        "date_joined": "2018-06-17T20:35:23.449Z",
        "first_access": false,
        "groups": [],
        "user_permissions": []
    }
},
{
    "model": "authentication.user",
    "pk": 2,
    "fields": {
        "password": "pbkdf2_sha256$36000$bdQUr9mA1tEE$z0JEx+bP4sqfMg3dXVfIIVmLkMvtbe7xCpFYo4MCRJQ=",
        "last_login": null,
        "is_superuser": false,
        "email": "tracybray@gmail.com",
        "first_name": "Tina",
        "last_name": "Avery",
        "is_admin": false,
        "is_staff": false,
        "is_active": true,
        "date_joined": "2018-06-17T20:35:23.562Z",
        "first_access": true,
        "groups": [],
        "user_permissions": []
    }
},
{
    "model": "authentication.user",
    "pk": 3,
    "fields": {
        "password": "pbkdf2_sha256$36000$HBzU0fmJwyTo$aDk43gB6uMAobTRLoWPRzp8+GsM0C6I4xl+n0I+smbM=",
        "last_login": null,
        "is_superuser": false,
        "email": "brianadavis@hotmail.com",
        "first_name": "Justin",
        "last_name": "Griffin",
        "is_admin": false,
        "is_staff": false,
        "is_active": true,
        "date_joined": "2018-06-17T20:35:23.645Z",
        "first_access": true,
        "groups": [],
        "user_permissions": []
    }
},
{
    "model": "authentication.user",
    "pk": 4,
    "fields": {
        "password": "pbkdf2_sha256$36000$Kuu9LrDnIsZ4$RYsVu6jpih0mMVLtCc367o/XR1rdcAPcNz3l5WatCB0=",
        "last_login": null,
        "is_superuser": false,
        "email": "westamanda@watkins-collins.net",
        "first_name": "John",
        "last_name": "Erickson",
        "is_admin": false,
        "is_staff": false,
        "is_active": true,
        "date_joined": "2018-06-17T20:35:23.771Z",
        "first_access": true,
        "groups": [],
        "user_permissions": []
    }
},
{
    "model": "authentication.user",
    "pk": 5,
    "fields": {
        "password": "pbkdf2_sha256$36000$GwH59YO2FVrg$9ivJjUxjAoCprAnh/5eNlxGFxUFyWqDY4bR8pfsuMVI=",
        "last_login": null,
        "is_superuser": false,
        "email": "bwilliams@hotmail.com",
        "first_name": "Samuel",
        "last_name": "Garcia",
        "is_admin": false,
        "is_staff": false,
        "is_active": true,
        "date_joined": "2018-06-17T20:35:23.846Z",
        "first_access": true,
        "groups": [],
        "user_permissions": []
    }
},
{
    "model": "authentication.user",
    "pk": 6,
    "fields": {
        "password": "pbkdf2_sha256$36000$R8EHjifi4Y4f$+uWVpLvdHPdUb9GLnVs0vcwcmmLAP4Cjba2Sqmpkzy4=",
        "last_login": null,
        "is_superuser": false,
        "email": "kcollins@ford-hebert.com",
        "first_name": "Ashlee",
        "last_name": "Yoder",
        "is_admin": false,
        "is_staff": false,
        "is_active": true,
        "date_joined": "2018-06-17T20:35:23.957Z",
        "first_access": true,
        "groups": [],
        "user_permissions": []
    }
},
{
    "model": "authentication.user",
    "pk": 7,
    "fields": {
        "password": "pbkdf2_sha256$36000$IQ8qahUtA2Ak$/OwmjGPSk9pzk6e2MIsarVgenb5tiYrMvwWb1chmL3I=",
        "last_login": null,
        "is_superuser": false,
        "email": "stevenbenson@hotmail.com",
        "first_name": "Barbara",
        "last_name": "Johnson",
        "is_admin": false,
        "is_staff": false,
        "is_active": true,
        "date_joined": "2018-06-17T20:35:24.028Z",
        "first_access": true,
        "groups": [],
        "user_permissions": []
    }
},
{
    "model": "authentication.user",
    "pk": 8,
    "fields": {
        "password": "pbkdf2_sha256$36000$L3uxplHybdLL$dq7ISAT62gMgG712082PDc0NRMZnTD+YRNHWf6RCz14=",
        "last_login": null,
        "is_superuser": false,
        "email": "johnwashington@richardson.biz",
        "first_name": "Jessica",
        "last_name": "Stewart",
        "is_admin": false,
        "is_staff": false,
        "is_active": true,
        "date_joined": "2018-06-17T20:35:24.091Z",
        "first_access": true,
        "groups": [],
        "user_permissions": []
    }
},
{
    "model": "authentication.user",
    "pk": 9,
    "fields": {
        "password": "pbkdf2_sha256$36000$XKvtQfcCKNA6$tluHzp8ihHkTe40PH+njVBliQXtWgtjqtq3EoixXjiY=",
        "last_login": null,
        "is_superuser": false,
        "email": "emily45@summers-knight.com",
        "first_name": "Steven",
        "last_name": "Russell",
        "is_admin": false,
        "is_staff": false,
        "is_active": true,
        "date_joined": "2018-06-17T20:35:24.150Z",
        "first_access": true,
        "groups": [],
        "user_permissions": []
    }
},
{
    "model": "authentication.user",
    "pk": 10,
    "fields": {
        "password": "pbkdf2_sha256$36000$1V7xgnUjJEED$4+myIBvBu2wAfCD4NrbuU01wL3jvS2T3ywoN8r0eBjE=",
        "last_login": null,
        "is_superuser": false,
        "email": "starktodd@whitaker.info",
        "first_name": "Douglas",
        "last_name": "Chan",
        "is_admin": false,
        "is_staff": false,
        "is_active": true,
        "date_joined": "2018-06-17T20:35:24.212Z",
        "first_access": true,
        "groups": [],
        "user_permissions": []
    }
},
{
    "model": "authentication.user",
    "pk": 11,
    "fields": {
        "password": "pbkdf2_sha256$36000$azkPBcvSCnAe$70Gx/DVU9MVyPV6+Hka14sca/8MLzNvWeytwtX/Gl5g=",
        "last_login": null,
        "is_superuser": false,
        "email": "navila@yahoo.com",
        "first_name": "Douglas",
        "last_name": "Smith",
        "is_admin": false,
        "is_staff": false,
        "is_active": true,
        "date_joined": "2018-06-17T20:35:24.274Z",
        "first_access": true,
        "groups": [],
        "user_permissions": []
    }
},
{
    "model": "authentication.user",
    "pk": 12,
    "fields": {
        "password": "pbkdf2_sha256$36000$Y1HENzlZBzG6$PE9Nq4tCZ9ZdYY29fyGOxAVswg5bAtUtOuz/YOtp8Qw=",
        "last_login": null,
        "is_superuser": false,
        "email": "jonessusan@hotmail.com",
        "first_name": "Lauren",
        "last_name": "Frank",
        "is_admin": false,
        "is_staff": false,
        "is_active": true,
        "date_joined": "2018-06-17T20:35:24.339Z",
        "first_access": true,
        "groups": [],
        "user_permissions": []
    }
},
{
    "model": "authentication.user",
    "pk": 13,
    "fields": {
        "password": "pbkdf2_sha256$36000$07PTKI6EH4nm$OBPH8bZrvvq3Ec4rAqRUan9DohqRNzmmXIybo5vgCuk=",
        "last_login": null,
        "is_superuser": false,
        "email": "kathryn56@yahoo.com",
        "first_name": "Deanna",
        "last_name": "Johnson",
        "is_admin": false,
        "is_staff": false,
        "is_active": true,
        "date_joined": "2018-06-17T20:35:24.400Z",
        "first_access": true,
        "groups": [],
        "user_permissions": []
    }
},
{
    "model": "authentication.user",
    "pk": 14,
    "fields": {
        "password": "pbkdf2_sha256$36000$Qg1TqVd4RXQq$oe2bS4Am4al0WPbk6NUF986eEoqRVJ1YnZSdrhjRBXQ=",
        "last_login": "2018-06-17T21:24:15.829Z",
        "is_superuser": false,
        "email": "larry42@hotmail.com",
        "first_name": "Michelle",
        "last_name": "Bullock",
        "is_admin": false,
        "is_staff": false,
        "is_active": true,
        "date_joined": "2018-06-17T20:35:24.458Z",
        "first_access": false,
        "groups": [],
        "user_permissions": []
    }
},
{
    "model": "authentication.user",
    "pk": 15,
    "fields": {
        "password": "pbkdf2_sha256$36000$EDl1lW3RewTK$+m6qfpYLz53u9+w3zCD/L0H1+tfK/+43xf6/ceUml8s=",
        "last_login": null,
        "is_superuser": false,
        "email": "smithkelly@mathis-woodard.biz",
        "first_name": "Patrick",
        "last_name": "Robinson",
        "is_admin": false,
        "is_staff": false,
        "is_active": true,
        "date_joined": "2018-06-17T20:35:24.518Z",
        "first_access": true,
        "groups": [],
        "user_permissions": []
    }
},
{
    "model": "authentication.user",
    "pk": 16,
    "fields": {
        "password": "pbkdf2_sha256$36000$7AIpwOSEf2mx$djHNNHd0g2/DXKGQEKeuwZf19TQ4LKPu4KJi4LuLo9w=",
        "last_login": null,
        "is_superuser": false,
        "email": "cookkayla@hart-hill.com",
        "first_name": "Robert",
        "last_name": "Shaw",
        "is_admin": false,
        "is_staff": false,
        "is_active": true,
        "date_joined": "2018-06-17T20:35:24.577Z",
        "first_access": true,
        "groups": [],
        "user_permissions": []
    }
},
{
    "model": "authentication.user",
    "pk": 17,
    "fields": {
        "password": "pbkdf2_sha256$36000$QXmJx0yf9vdx$jyvpjVSaFwaZuGayzV9hQfsxxlPZPiuabIMagoPyLqQ=",
        "last_login": null,
        "is_superuser": false,
        "email": "katherine43@hotmail.com",
        "first_name": "Nicholas",
        "last_name": "Porter",
        "is_admin": false,
        "is_staff": false,
        "is_active": true,
        "date_joined": "2018-06-17T20:35:24.635Z",
        "first_access": true,
        "groups": [],
        "user_permissions": []
    }
},
{
    "model": "authentication.user",
    "pk": 18,
    "fields": {
        "password": "pbkdf2_sha256$36000$MbX7XMwgBVTc$GE9P+pO2x24LXTNRNgmQxPgqSP2iO6+hu0UIhAx9s4I=",
        "last_login": null,
        "is_superuser": false,
        "email": "rick16@ibarra-jackson.com",
        "first_name": "Jennifer",
        "last_name": "White",
        "is_admin": false,
        "is_staff": false,
        "is_active": true,
        "date_joined": "2018-06-17T20:35:24.704Z",
        "first_access": true,
        "groups": [],
        "user_permissions": []
    }
},
{
    "model": "authentication.user",
    "pk": 19,
    "fields": {
        "password": "pbkdf2_sha256$36000$p9tIxXq8xSID$4KzsIOdMPDVNVix9tlkyzOhtXP+DzMs9x8v7xLbrT8g=",
        "last_login": null,
        "is_superuser": false,
        "email": "kevinwalters@obrien.biz",
        "first_name": "Ryan",
        "last_name": "Woodward",
        "is_admin": false,
        "is_staff": false,
        "is_active": true,
        "date_joined": "2018-06-17T20:35:24.768Z",
        "first_access": true,
        "groups": [],
        "user_permissions": []
    }
},
{
    "model": "authentication.user",
    "pk": 20,
    "fields": {
        "password": "pbkdf2_sha256$36000$Z9VluogGp2j8$dXyzfb+A9y9h+WPMAqnZxphXLLqN5c7LVqt52075SFk=",
        "last_login": null,
        "is_superuser": false,
        "email": "levans@richard-jones.com",
        "first_name": "Gary",
        "last_name": "Ward",
        "is_admin": false,
        "is_staff": false,
        "is_active": true,
        "date_joined": "2018-06-17T20:35:24.827Z",
        "first_access": true,
        "groups": [],
        "user_permissions": []
    }
},
{
    "model": "account.profile",
    "pk": 1,
    "fields": {
        "user": [
            "bryan75@martinez.com"
        ],
        "description": "Start stage pay direction together father.",
        "actual_job": "Homeopath",
        "num_contacts": 4,
        "img": "1/mup.jpg"
    }
},
{
    "model": "account.profile",
    "pk": 2,
    "fields": {
        "user": [
            "tracybray@gmail.com"
        ],
        "description": "Memory agency reduce reduce.",
        "actual_job": "Gaffer",
        "num_contacts": 6,
        "img": ""
    }
},
{
    "model": "account.profile",
    "pk": 3,
    "fields": {
        "user": [
            "brianadavis@hotmail.com"
        ],
        "description": "International why direction part suddenly election.",
        "actual_job": "Charity officer",
        "num_contacts": 4,
        "img": ""
    }
},
{
    "model": "account.profile",
    "pk": 4,
    "fields": {
        "user": [
            "westamanda@watkins-collins.net"
        ],
        "description": "Whether rate attention office I remember.",
        "actual_job": "Architect",
        "num_contacts": 5,
        "img": ""
    }
},
{
    "model": "account.profile",
    "pk": 5,
    "fields": {
        "user": [
            "bwilliams@hotmail.com"
        ],
        "description": "Others establish market five yet TV.",
        "actual_job": "Production assistant, radio",
        "num_contacts": 5,
        "img": ""
    }
},
{
    "model": "account.profile",
    "pk": 6,
    "fields": {
        "user": [
            "kcollins@ford-hebert.com"
        ],
        "description": "Say religious respond important friend save wonder use.",
        "actual_job": "Scientific laboratory technician",
        "num_contacts": 6,
        "img": ""
    }
},
{
    "model": "account.profile",
    "pk": 7,
    "fields": {
        "user": [
            "stevenbenson@hotmail.com"
        ],
        "description": "Assume fly itself.",
        "actual_job": "Geophysicist/field seismologist",
        "num_contacts": 6,
        "img": ""
    }
},
{
    "model": "account.profile",
    "pk": 8,
    "fields": {
        "user": [
            "johnwashington@richardson.biz"
        ],
        "description": "Though send describe.",
        "actual_job": "Video editor",
        "num_contacts": 6,
        "img": ""
    }
},
{
    "model": "account.profile",
    "pk": 9,
    "fields": {
        "user": [
            "emily45@summers-knight.com"
        ],
        "description": "Store continue itself piece miss language give.",
        "actual_job": "Higher education lecturer",
        "num_contacts": 4,
        "img": ""
    }
},
{
    "model": "account.profile",
    "pk": 10,
    "fields": {
        "user": [
            "starktodd@whitaker.info"
        ],
        "description": "Either always cost end about.",
        "actual_job": "Engineer, control and instrumentation",
        "num_contacts": 5,
        "img": ""
    }
},
{
    "model": "account.profile",
    "pk": 11,
    "fields": {
        "user": [
            "navila@yahoo.com"
        ],
        "description": "Under most listen.",
        "actual_job": "Surveyor, land/geomatics",
        "num_contacts": 6,
        "img": ""
    }
},
{
    "model": "account.profile",
    "pk": 12,
    "fields": {
        "user": [
            "jonessusan@hotmail.com"
        ],
        "description": "Be notice Democrat eat.",
        "actual_job": "Conference centre manager",
        "num_contacts": 6,
        "img": ""
    }
},
{
    "model": "account.profile",
    "pk": 13,
    "fields": {
        "user": [
            "kathryn56@yahoo.com"
        ],
        "description": "Newspaper clearly finish form company product moment.",
        "actual_job": "Personnel officer",
        "num_contacts": 5,
        "img": ""
    }
},
{
    "model": "account.profile",
    "pk": 14,
    "fields": {
        "user": [
            "larry42@hotmail.com"
        ],
        "description": "Last several recently none area certainly.",
        "actual_job": "Computer games developer",
        "num_contacts": 6,
        "img": "14/coniglio-ariete-nano.jpg"
    }
},
{
    "model": "account.profile",
    "pk": 15,
    "fields": {
        "user": [
            "smithkelly@mathis-woodard.biz"
        ],
        "description": "Long behind almost debate table foreign population.",
        "actual_job": "Television camera operator",
        "num_contacts": 5,
        "img": ""
    }
},
{
    "model": "account.profile",
    "pk": 16,
    "fields": {
        "user": [
            "cookkayla@hart-hill.com"
        ],
        "description": "Arrive impact realize coach media instead gun.",
        "actual_job": "Best boy",
        "num_contacts": 5,
        "img": ""
    }
},
{
    "model": "account.profile",
    "pk": 17,
    "fields": {
        "user": [
            "katherine43@hotmail.com"
        ],
        "description": "Professor I wonder or consumer.",
        "actual_job": "Electrical engineer",
        "num_contacts": 4,
        "img": ""
    }
},
{
    "model": "account.profile",
    "pk": 18,
    "fields": {
        "user": [
            "rick16@ibarra-jackson.com"
        ],
        "description": "General cause phone.",
        "actual_job": "Sound technician, broadcasting/film/video",
        "num_contacts": 5,
        "img": ""
    }
},
{
    "model": "account.profile",
    "pk": 19,
    "fields": {
        "user": [
            "kevinwalters@obrien.biz"
        ],
        "description": "Energy suffer friend data.",
        "actual_job": "Market researcher",
        "num_contacts": 4,
        "img": ""
    }
},
{
    "model": "account.profile",
    "pk": 20,
    "fields": {
        "user": [
            "levans@richard-jones.com"
        ],
        "description": "Another later activity.",
        "actual_job": "Professor Emeritus",
        "num_contacts": 5,
        "img": ""
    }
},
{
    "model": "friendship.friendship",
    "pk": 1,
    "fields": {
        "by": 1,
        "to": 14,
        "date": "2018-06-17T20:35:25.539Z"
    }
},
{
    "model": "friendship.friendship",
    "pk": 2,
    "fields": {
        "by": 1,
        "to": 15,
        "date": "2018-06-17T20:35:25.539Z"
    }
},
{
    "model": "friendship.friendship",
    "pk": 3,
    "fields": {
        "by": 1,
        "to": 6,
        "date": "2018-06-17T20:35:25.539Z"
    }
},
{
    "model": "friendship.friendship",
    "pk": 4,
    "fields": {
        "by": 1,
        "to": 7,
        "date": "2018-06-17T20:35:25.539Z"
    }
},
{
    "model": "friendship.friendship",
    "pk": 5,
    "fields": {
        "by": 2,
        "to": 18,
        "date": "2018-06-17T20:35:25.545Z"
    }
},
{
    "model": "friendship.friendship",
    "pk": 6,
    "fields": {
        "by": 2,
        "to": 7,
        "date": "2018-06-17T20:35:25.545Z"
    }
},
{
    "model": "friendship.friendship",
    "pk": 7,
    "fields": {
        "by": 2,
        "to": 1,
        "date": "2018-06-17T20:35:25.545Z"
    }
},
{
    "model": "friendship.friendship",
    "pk": 8,
    "fields": {
        "by": 2,
        "to": 13,
        "date": "2018-06-17T20:35:25.545Z"
    }
},
{
    "model": "friendship.friendship",
    "pk": 9,
    "fields": {
        "by": 2,
        "to": 11,
        "date": "2018-06-17T20:35:25.545Z"
    }
},
{
    "model": "friendship.friendship",
    "pk": 10,
    "fields": {
        "by": 2,
        "to": 6,
        "date": "2018-06-17T20:35:25.545Z"
    }
},
{
    "model": "friendship.friendship",
    "pk": 11,
    "fields": {
        "by": 3,
        "to": 6,
        "date": "2018-06-17T20:35:25.550Z"
    }
},
{
    "model": "friendship.friendship",
    "pk": 12,
    "fields": {
        "by": 3,
        "to": 18,
        "date": "2018-06-17T20:35:25.550Z"
    }
},
{
    "model": "friendship.friendship",
    "pk": 13,
    "fields": {
        "by": 3,
        "to": 20,
        "date": "2018-06-17T20:35:25.550Z"
    }
},
{
    "model": "friendship.friendship",
    "pk": 14,
    "fields": {
        "by": 3,
        "to": 9,
        "date": "2018-06-17T20:35:25.550Z"
    }
},
{
    "model": "friendship.friendship",
    "pk": 15,
    "fields": {
        "by": 4,
        "to": 1,
        "date": "2018-06-17T20:35:25.557Z"
    }
},
{
    "model": "friendship.friendship",
    "pk": 16,
    "fields": {
        "by": 4,
        "to": 17,
        "date": "2018-06-17T20:35:25.557Z"
    }
},
{
    "model": "friendship.friendship",
    "pk": 17,
    "fields": {
        "by": 4,
        "to": 18,
        "date": "2018-06-17T20:35:25.557Z"
    }
},
{
    "model": "friendship.friendship",
    "pk": 18,
    "fields": {
        "by": 4,
        "to": 8,
        "date": "2018-06-17T20:35:25.557Z"
    }
},
{
    "model": "friendship.friendship",
    "pk": 19,
    "fields": {
        "by": 4,
        "to": 19,
        "date": "2018-06-17T20:35:25.557Z"
    }
},
{
    "model": "friendship.friendship",
    "pk": 20,
    "fields": {
        "by": 5,
        "to": 6,
        "date": "2018-06-17T20:35:25.562Z"
    }
},
{
    "model": "friendship.friendship",
    "pk": 21,
    "fields": {
        "by": 5,
        "to": 10,
        "date": "2018-06-17T20:35:25.562Z"
    }
},
{
    "model": "friendship.friendship",
    "pk": 22,
    "fields": {
        "by": 5,
        "to": 12,
        "date": "2018-06-17T20:35:25.562Z"
    }
},
{
    "model": "friendship.friendship",
    "pk": 23,
    "fields": {
        "by": 5,
        "to": 13,
        "date": "2018-06-17T20:35:25.562Z"
    }
},
{
    "model": "friendship.friendship",
    "pk": 24,
    "fields": {
        "by": 5,
        "to": 9,
        "date": "2018-06-17T20:35:25.562Z"
    }
},
{
    "model": "friendship.friendship",
    "pk": 25,
    "fields": {
        "by": 6,
        "to": 8,
        "date": "2018-06-17T20:35:25.566Z"
    }
},
{
    "model": "friendship.friendship",
    "pk": 26,
    "fields": {
        "by": 6,
        "to": 4,
        "date": "2018-06-17T20:35:25.566Z"
    }
},
{
    "model": "friendship.friendship",
    "pk": 27,
    "fields": {
        "by": 6,
        "to": 2,
        "date": "2018-06-17T20:35:25.566Z"
    }
},
{
    "model": "friendship.friendship",
    "pk": 28,
    "fields": {
        "by": 6,
        "to": 7,
        "date": "2018-06-17T20:35:25.567Z"
    }
},
{
    "model": "friendship.friendship",
    "pk": 29,
    "fields": {
        "by": 6,
        "to": 15,
        "date": "2018-06-17T20:35:25.567Z"
    }
},
{
    "model": "friendship.friendship",
    "pk": 30,
    "fields": {
        "by": 6,
        "to": 3,
        "date": "2018-06-17T20:35:25.567Z"
    }
},
{
    "model": "friendship.friendship",
    "pk": 31,
    "fields": {
        "by": 7,
        "to": 5,
        "date": "2018-06-17T20:35:25.573Z"
    }
},
{
    "model": "friendship.friendship",
    "pk": 32,
    "fields": {
        "by": 7,
        "to": 6,
        "date": "2018-06-17T20:35:25.573Z"
    }
},
{
    "model": "friendship.friendship",
    "pk": 33,
    "fields": {
        "by": 7,
        "to": 13,
        "date": "2018-06-17T20:35:25.573Z"
    }
},
{
    "model": "friendship.friendship",
    "pk": 34,
    "fields": {
        "by": 7,
        "to": 18,
        "date": "2018-06-17T20:35:25.573Z"
    }
},
{
    "model": "friendship.friendship",
    "pk": 35,
    "fields": {
        "by": 7,
        "to": 20,
        "date": "2018-06-17T20:35:25.573Z"
    }
},
{
    "model": "friendship.friendship",
    "pk": 36,
    "fields": {
        "by": 7,
        "to": 11,
        "date": "2018-06-17T20:35:25.573Z"
    }
},
{
    "model": "friendship.friendship",
    "pk": 37,
    "fields": {
        "by": 8,
        "to": 4,
        "date": "2018-06-17T20:35:25.578Z"
    }
},
{
    "model": "friendship.friendship",
    "pk": 38,
    "fields": {
        "by": 8,
        "to": 19,
        "date": "2018-06-17T20:35:25.578Z"
    }
},
{
    "model": "friendship.friendship",
    "pk": 39,
    "fields": {
        "by": 8,
        "to": 18,
        "date": "2018-06-17T20:35:25.578Z"
    }
},
{
    "model": "friendship.friendship",
    "pk": 40,
    "fields": {
        "by": 8,
        "to": 3,
        "date": "2018-06-17T20:35:25.578Z"
    }
},
{
    "model": "friendship.friendship",
    "pk": 41,
    "fields": {
        "by": 8,
        "to": 10,
        "date": "2018-06-17T20:35:25.578Z"
    }
},
{
    "model": "friendship.friendship",
    "pk": 42,
    "fields": {
        "by": 8,
        "to": 15,
        "date": "2018-06-17T20:35:25.578Z"
    }
},
{
    "model": "friendship.friendship",
    "pk": 43,
    "fields": {
        "by": 9,
        "to": 12,
        "date": "2018-06-17T20:35:25.583Z"
    }
},
{
    "model": "friendship.friendship",
    "pk": 44,
    "fields": {
        "by": 9,
        "to": 6,
        "date": "2018-06-17T20:35:25.583Z"
    }
},
{
    "model": "friendship.friendship",
    "pk": 45,
    "fields": {
        "by": 9,
        "to": 11,
        "date": "2018-06-17T20:35:25.583Z"
    }
},
{
    "model": "friendship.friendship",
    "pk": 46,
    "fields": {
        "by": 9,
        "to": 17,
        "date": "2018-06-17T20:35:25.583Z"
    }
},
{
    "model": "friendship.friendship",
    "pk": 47,
    "fields": {
        "by": 10,
        "to": 1,
        "date": "2018-06-17T20:35:25.588Z"
    }
},
{
    "model": "friendship.friendship",
    "pk": 48,
    "fields": {
        "by": 10,
        "to": 20,
        "date": "2018-06-17T20:35:25.588Z"
    }
},
{
    "model": "friendship.friendship",
    "pk": 49,
    "fields": {
        "by": 10,
        "to": 12,
        "date": "2018-06-17T20:35:25.588Z"
    }
},
{
    "model": "friendship.friendship",
    "pk": 50,
    "fields": {
        "by": 10,
        "to": 15,
        "date": "2018-06-17T20:35:25.588Z"
    }
},
{
    "model": "friendship.friendship",
    "pk": 51,
    "fields": {
        "by": 10,
        "to": 19,
        "date": "2018-06-17T20:35:25.588Z"
    }
},
{
    "model": "friendship.friendship",
    "pk": 52,
    "fields": {
        "by": 11,
        "to": 18,
        "date": "2018-06-17T20:35:25.593Z"
    }
},
{
    "model": "friendship.friendship",
    "pk": 53,
    "fields": {
        "by": 11,
        "to": 12,
        "date": "2018-06-17T20:35:25.593Z"
    }
},
{
    "model": "friendship.friendship",
    "pk": 54,
    "fields": {
        "by": 11,
        "to": 10,
        "date": "2018-06-17T20:35:25.593Z"
    }
},
{
    "model": "friendship.friendship",
    "pk": 55,
    "fields": {
        "by": 11,
        "to": 16,
        "date": "2018-06-17T20:35:25.593Z"
    }
},
{
    "model": "friendship.friendship",
    "pk": 56,
    "fields": {
        "by": 11,
        "to": 8,
        "date": "2018-06-17T20:35:25.593Z"
    }
},
{
    "model": "friendship.friendship",
    "pk": 57,
    "fields": {
        "by": 11,
        "to": 15,
        "date": "2018-06-17T20:35:25.593Z"
    }
},
{
    "model": "friendship.friendship",
    "pk": 58,
    "fields": {
        "by": 12,
        "to": 16,
        "date": "2018-06-17T20:35:25.598Z"
    }
},
{
    "model": "friendship.friendship",
    "pk": 59,
    "fields": {
        "by": 12,
        "to": 8,
        "date": "2018-06-17T20:35:25.598Z"
    }
},
{
    "model": "friendship.friendship",
    "pk": 60,
    "fields": {
        "by": 12,
        "to": 20,
        "date": "2018-06-17T20:35:25.598Z"
    }
},
{
    "model": "friendship.friendship",
    "pk": 61,
    "fields": {
        "by": 12,
        "to": 19,
        "date": "2018-06-17T20:35:25.598Z"
    }
},
{
    "model": "friendship.friendship",
    "pk": 62,
    "fields": {
        "by": 12,
        "to": 10,
        "date": "2018-06-17T20:35:25.598Z"
    }
},
{
    "model": "friendship.friendship",
    "pk": 63,
    "fields": {
        "by": 12,
        "to": 5,
        "date": "2018-06-17T20:35:25.598Z"
    }
},
{
    "model": "friendship.friendship",
    "pk": 64,
    "fields": {
        "by": 13,
        "to": 3,
        "date": "2018-06-17T20:35:25.603Z"
    }
},
{
    "model": "friendship.friendship",
    "pk": 65,
    "fields": {
        "by": 13,
        "to": 5,
        "date": "2018-06-17T20:35:25.603Z"
    }
},
{
    "model": "friendship.friendship",
    "pk": 66,
    "fields": {
        "by": 13,
        "to": 4,
        "date": "2018-06-17T20:35:25.603Z"
    }
},
{
    "model": "friendship.friendship",
    "pk": 67,
    "fields": {
        "by": 13,
        "to": 14,
        "date": "2018-06-17T20:35:25.603Z"
    }
},
{
    "model": "friendship.friendship",
    "pk": 68,
    "fields": {
        "by": 13,
        "to": 9,
        "date": "2018-06-17T20:35:25.603Z"
    }
},
{
    "model": "friendship.friendship",
    "pk": 69,
    "fields": {
        "by": 14,
        "to": 18,
        "date": "2018-06-17T20:35:25.608Z"
    }
},
{
    "model": "friendship.friendship",
    "pk": 70,
    "fields": {
        "by": 14,
        "to": 20,
        "date": "2018-06-17T20:35:25.608Z"
    }
},
{
    "model": "friendship.friendship",
    "pk": 71,
    "fields": {
        "by": 14,
        "to": 15,
        "date": "2018-06-17T20:35:25.608Z"
    }
},
{
    "model": "friendship.friendship",
    "pk": 72,
    "fields": {
        "by": 14,
        "to": 19,
        "date": "2018-06-17T20:35:25.608Z"
    }
},
{
    "model": "friendship.friendship",
    "pk": 73,
    "fields": {
        "by": 14,
        "to": 13,
        "date": "2018-06-17T20:35:25.608Z"
    }
},
{
    "model": "friendship.friendship",
    "pk": 74,
    "fields": {
        "by": 14,
        "to": 4,
        "date": "2018-06-17T20:35:25.608Z"
    }
},
{
    "model": "friendship.friendship",
    "pk": 75,
    "fields": {
        "by": 15,
        "to": 19,
        "date": "2018-06-17T20:35:25.613Z"
    }
},
{
    "model": "friendship.friendship",
    "pk": 76,
    "fields": {
        "by": 15,
        "to": 7,
        "date": "2018-06-17T20:35:25.613Z"
    }
},
{
    "model": "friendship.friendship",
    "pk": 77,
    "fields": {
        "by": 15,
        "to": 20,
        "date": "2018-06-17T20:35:25.613Z"
    }
},
{
    "model": "friendship.friendship",
    "pk": 78,
    "fields": {
        "by": 15,
        "to": 5,
        "date": "2018-06-17T20:35:25.613Z"
    }
},
{
    "model": "friendship.friendship",
    "pk": 79,
    "fields": {
        "by": 15,
        "to": 16,
        "date": "2018-06-17T20:35:25.613Z"
    }
},
{
    "model": "friendship.friendship",
    "pk": 80,
    "fields": {
        "by": 16,
        "to": 11,
        "date": "2018-06-17T20:35:25.617Z"
    }
},
{
    "model": "friendship.friendship",
    "pk": 81,
    "fields": {
        "by": 16,
        "to": 7,
        "date": "2018-06-17T20:35:25.617Z"
    }
},
{
    "model": "friendship.friendship",
    "pk": 82,
    "fields": {
        "by": 16,
        "to": 18,
        "date": "2018-06-17T20:35:25.617Z"
    }
},
{
    "model": "friendship.friendship",
    "pk": 83,
    "fields": {
        "by": 16,
        "to": 14,
        "date": "2018-06-17T20:35:25.617Z"
    }
},
{
    "model": "friendship.friendship",
    "pk": 84,
    "fields": {
        "by": 16,
        "to": 19,
        "date": "2018-06-17T20:35:25.618Z"
    }
},
{
    "model": "friendship.friendship",
    "pk": 85,
    "fields": {
        "by": 17,
        "to": 14,
        "date": "2018-06-17T20:35:25.622Z"
    }
},
{
    "model": "friendship.friendship",
    "pk": 86,
    "fields": {
        "by": 17,
        "to": 20,
        "date": "2018-06-17T20:35:25.622Z"
    }
},
{
    "model": "friendship.friendship",
    "pk": 87,
    "fields": {
        "by": 17,
        "to": 4,
        "date": "2018-06-17T20:35:25.622Z"
    }
},
{
    "model": "friendship.friendship",
    "pk": 88,
    "fields": {
        "by": 17,
        "to": 18,
        "date": "2018-06-17T20:35:25.623Z"
    }
},
{
    "model": "friendship.friendship",
    "pk": 89,
    "fields": {
        "by": 18,
        "to": 10,
        "date": "2018-06-17T20:35:25.627Z"
    }
},
{
    "model": "friendship.friendship",
    "pk": 90,
    "fields": {
        "by": 18,
        "to": 8,
        "date": "2018-06-17T20:35:25.627Z"
    }
},
{
    "model": "friendship.friendship",
    "pk": 91,
    "fields": {
        "by": 18,
        "to": 20,
        "date": "2018-06-17T20:35:25.627Z"
    }
},
{
    "model": "friendship.friendship",
    "pk": 92,
    "fields": {
        "by": 18,
        "to": 13,
        "date": "2018-06-17T20:35:25.627Z"
    }
},
{
    "model": "friendship.friendship",
    "pk": 93,
    "fields": {
        "by": 18,
        "to": 2,
        "date": "2018-06-17T20:35:25.627Z"
    }
},
{
    "model": "friendship.friendship",
    "pk": 94,
    "fields": {
        "by": 19,
        "to": 1,
        "date": "2018-06-17T20:35:25.632Z"
    }
},
{
    "model": "friendship.friendship",
    "pk": 95,
    "fields": {
        "by": 19,
        "to": 4,
        "date": "2018-06-17T20:35:25.632Z"
    }
},
{
    "model": "friendship.friendship",
    "pk": 96,
    "fields": {
        "by": 19,
        "to": 2,
        "date": "2018-06-17T20:35:25.632Z"
    }
},
{
    "model": "friendship.friendship",
    "pk": 97,
    "fields": {
        "by": 19,
        "to": 10,
        "date": "2018-06-17T20:35:25.632Z"
    }
},
{
    "model": "friendship.friendship",
    "pk": 98,
    "fields": {
        "by": 20,
        "to": 18,
        "date": "2018-06-17T20:35:25.637Z"
    }
},
{
    "model": "friendship.friendship",
    "pk": 99,
    "fields": {
        "by": 20,
        "to": 19,
        "date": "2018-06-17T20:35:25.637Z"
    }
},
{
    "model": "friendship.friendship",
    "pk": 100,
    "fields": {
        "by": 20,
        "to": 8,
        "date": "2018-06-17T20:35:25.637Z"
    }
},
{
    "model": "friendship.friendship",
    "pk": 101,
    "fields": {
        "by": 20,
        "to": 3,
        "date": "2018-06-17T20:35:25.637Z"
    }
},
{
    "model": "friendship.friendship",
    "pk": 102,
    "fields": {
        "by": 20,
        "to": 14,
        "date": "2018-06-17T20:35:25.637Z"
    }
},
{
    "model": "skiller.skill",
    "pk": 1,
    "fields": {
        "profile": 1,
        "data": 34,
        "description": "Culture always close much than to common fear feeling discuss chance situation table white report I field base experience trip computer.",
        "date": "2018-06-17T20:35:25.357Z"
    }
},
{
    "model": "skiller.skill",
    "pk": 2,
    "fields": {
        "profile": 1,
        "data": 99,
        "description": "None resource modern lay game his explain laugh run unit food trade official personal they.",
        "date": "2018-06-17T20:35:25.358Z"
    }
},
{
    "model": "skiller.skill",
    "pk": 3,
    "fields": {
        "profile": 1,
        "data": 66,
        "description": "Future middle those occur member million standard top magazine western rise not science buy new military personal less your good whose appear consider field.",
        "date": "2018-06-17T20:35:25.359Z"
    }
},
{
    "model": "skiller.skill",
    "pk": 4,
    "fields": {
        "profile": 2,
        "data": 60,
        "description": "Her factor away all site factor threat tonight defense and necessary TV cold cut.",
        "date": "2018-06-17T20:35:25.379Z"
    }
},
{
    "model": "skiller.skill",
    "pk": 5,
    "fields": {
        "profile": 2,
        "data": 91,
        "description": "Simply fire say American unit great open it big black not mention suggest whether everything believe pressure should attention inside difference firm focus organization hope woman.",
        "date": "2018-06-17T20:35:25.380Z"
    }
},
{
    "model": "skiller.skill",
    "pk": 6,
    "fields": {
        "profile": 2,
        "data": 2,
        "description": "State picture fund shoulder take act idea result image executive artist buy song need born gun half address move office operation.",
        "date": "2018-06-17T20:35:25.381Z"
    }
},
{
    "model": "skiller.skill",
    "pk": 7,
    "fields": {
        "profile": 2,
        "data": 36,
        "description": "Be huge stay scientist hand get that light sometimes head realize PM drug.",
        "date": "2018-06-17T20:35:25.382Z"
    }
},
{
    "model": "skiller.skill",
    "pk": 8,
    "fields": {
        "profile": 2,
        "data": 67,
        "description": "Note actually PM performance picture above measure quality responsibility often standard into forget start bar good test Congress significant manage road.",
        "date": "2018-06-17T20:35:25.382Z"
    }
},
{
    "model": "skiller.skill",
    "pk": 9,
    "fields": {
        "profile": 3,
        "data": 47,
        "description": "Relate write book small reduce trial teach scientist sister end raise democratic which better under other father she.",
        "date": "2018-06-17T20:35:25.396Z"
    }
},
{
    "model": "skiller.skill",
    "pk": 10,
    "fields": {
        "profile": 3,
        "data": 13,
        "description": "Blood practice behind ok like side force research occur know professor cell pretty democratic ten.",
        "date": "2018-06-17T20:35:25.396Z"
    }
},
{
    "model": "skiller.skill",
    "pk": 11,
    "fields": {
        "profile": 3,
        "data": 106,
        "description": "Eat his case support senior model remember two like parent accept growth form strong break among free generation soon discover each.",
        "date": "2018-06-17T20:35:25.397Z"
    }
},
{
    "model": "skiller.skill",
    "pk": 12,
    "fields": {
        "profile": 3,
        "data": 68,
        "description": "Source pay success best avoid drive season very table interest fish such role account finally his special modern be.",
        "date": "2018-06-17T20:35:25.397Z"
    }
},
{
    "model": "skiller.skill",
    "pk": 13,
    "fields": {
        "profile": 3,
        "data": 74,
        "description": "Might especially trip matter note must likely ability can city rock focus analysis effort form feel movie action sit receive only finally wear.",
        "date": "2018-06-17T20:35:25.397Z"
    }
},
{
    "model": "skiller.skill",
    "pk": 14,
    "fields": {
        "profile": 4,
        "data": 37,
        "description": "Would serve develop brother anyone policy team detail name range sometimes society road face my approach sit training truth four choose PM history item.",
        "date": "2018-06-17T20:35:25.404Z"
    }
},
{
    "model": "skiller.skill",
    "pk": 15,
    "fields": {
        "profile": 4,
        "data": 92,
        "description": "Expert record glass bag particularly her per strong food individual marriage American report plan sometimes newspaper year stand care together health response mind our best early group.",
        "date": "2018-06-17T20:35:25.404Z"
    }
},
{
    "model": "skiller.skill",
    "pk": 16,
    "fields": {
        "profile": 4,
        "data": 86,
        "description": "Democrat notice cold pay minute better business after pressure sign movie paper any side free difference image national.",
        "date": "2018-06-17T20:35:25.404Z"
    }
},
{
    "model": "skiller.skill",
    "pk": 17,
    "fields": {
        "profile": 4,
        "data": 109,
        "description": "Business the season both its like type game soldier effort outside author either somebody despite ground morning store general bring.",
        "date": "2018-06-17T20:35:25.404Z"
    }
},
{
    "model": "skiller.skill",
    "pk": 18,
    "fields": {
        "profile": 5,
        "data": 31,
        "description": "Actually exist me laugh modern her away together trip gas land go usually only draw Congress arm explain.",
        "date": "2018-06-17T20:35:25.411Z"
    }
},
{
    "model": "skiller.skill",
    "pk": 19,
    "fields": {
        "profile": 5,
        "data": 21,
        "description": "Population music read quality account wrong defense behind few trial assume sea wrong mention.",
        "date": "2018-06-17T20:35:25.411Z"
    }
},
{
    "model": "skiller.skill",
    "pk": 20,
    "fields": {
        "profile": 5,
        "data": 32,
        "description": "Camera there police name job sea hot special which stay western design market bad fish drop over think page single.",
        "date": "2018-06-17T20:35:25.411Z"
    }
},
{
    "model": "skiller.skill",
    "pk": 21,
    "fields": {
        "profile": 5,
        "data": 82,
        "description": "Blue matter sing program range commercial seven herself likely apply box be daughter company green sit represent impact.",
        "date": "2018-06-17T20:35:25.412Z"
    }
},
{
    "model": "skiller.skill",
    "pk": 22,
    "fields": {
        "profile": 6,
        "data": 2,
        "description": "Identify industry hold century city simple simply though account glass effort then successful trade toward on.",
        "date": "2018-06-17T20:35:25.418Z"
    }
},
{
    "model": "skiller.skill",
    "pk": 23,
    "fields": {
        "profile": 6,
        "data": 76,
        "description": "Third door traditional apply national method receive direction but option age hand lead many pattern face may country Democrat bar test as teacher task stuff here hundred.",
        "date": "2018-06-17T20:35:25.418Z"
    }
},
{
    "model": "skiller.skill",
    "pk": 24,
    "fields": {
        "profile": 6,
        "data": 103,
        "description": "Two million understand half available study both tree college thank hope official my goal care employee film involve.",
        "date": "2018-06-17T20:35:25.418Z"
    }
},
{
    "model": "skiller.skill",
    "pk": 25,
    "fields": {
        "profile": 6,
        "data": 101,
        "description": "Political over carry career may young account anyone have kind draw between including TV personal newspaper us government discuss.",
        "date": "2018-06-17T20:35:25.419Z"
    }
},
{
    "model": "skiller.skill",
    "pk": 26,
    "fields": {
        "profile": 7,
        "data": 28,
        "description": "Step specific take wife little add although difficult left fast part budget moment sister tree nor front area low probably.",
        "date": "2018-06-17T20:35:25.425Z"
    }
},
{
    "model": "skiller.skill",
    "pk": 27,
    "fields": {
        "profile": 7,
        "data": 84,
        "description": "They onto notice medical blood suggest level meeting describe reason anyone policy administration someone really south yourself other.",
        "date": "2018-06-17T20:35:25.425Z"
    }
},
{
    "model": "skiller.skill",
    "pk": 28,
    "fields": {
        "profile": 7,
        "data": 9,
        "description": "Half style her knowledge politics industry program cost want must relationship change true pick per expert head.",
        "date": "2018-06-17T20:35:25.426Z"
    }
},
{
    "model": "skiller.skill",
    "pk": 29,
    "fields": {
        "profile": 8,
        "data": 37,
        "description": "Tell under him exactly game discussion raise today ten include on responsibility success.",
        "date": "2018-06-17T20:35:25.432Z"
    }
},
{
    "model": "skiller.skill",
    "pk": 30,
    "fields": {
        "profile": 8,
        "data": 40,
        "description": "Blood always everybody country away husband better study type though significant its sister chair house win moment west woman activity bit such home party whether Mrs suddenly.",
        "date": "2018-06-17T20:35:25.432Z"
    }
},
{
    "model": "skiller.skill",
    "pk": 31,
    "fields": {
        "profile": 8,
        "data": 80,
        "description": "Someone administration age financial despite ground sound like kitchen special owner cell research before mind century but give court physical gun city senior policy realize.",
        "date": "2018-06-17T20:35:25.433Z"
    }
},
{
    "model": "skiller.skill",
    "pk": 32,
    "fields": {
        "profile": 9,
        "data": 93,
        "description": "Thank foot sea feel model window huge at recognize military evidence different public.",
        "date": "2018-06-17T20:35:25.439Z"
    }
},
{
    "model": "skiller.skill",
    "pk": 33,
    "fields": {
        "profile": 9,
        "data": 84,
        "description": "Mother cultural less popular likely week image office both research happen discuss because.",
        "date": "2018-06-17T20:35:25.439Z"
    }
},
{
    "model": "skiller.skill",
    "pk": 34,
    "fields": {
        "profile": 9,
        "data": 23,
        "description": "Enter those health rule onto difference small through including popular far today response hard manager never star page during recognize gas hot reduce customer Congress.",
        "date": "2018-06-17T20:35:25.440Z"
    }
},
{
    "model": "skiller.skill",
    "pk": 35,
    "fields": {
        "profile": 9,
        "data": 22,
        "description": "Mrs media low political cost street wall agency series begin family policy company law artist card understand role structure side dream improve agent seek you.",
        "date": "2018-06-17T20:35:25.440Z"
    }
},
{
    "model": "skiller.skill",
    "pk": 36,
    "fields": {
        "profile": 9,
        "data": 42,
        "description": "True I hear turn simple cost heavy apply six man prepare stage media big door plant along first look summer sense stock mother want peace product goal.",
        "date": "2018-06-17T20:35:25.440Z"
    }
},
{
    "model": "skiller.skill",
    "pk": 37,
    "fields": {
        "profile": 10,
        "data": 109,
        "description": "Bag prove far look and statement rich career board but likely member growth crime pull baby clearly cultural size thus baby economy including development.",
        "date": "2018-06-17T20:35:25.447Z"
    }
},
{
    "model": "skiller.skill",
    "pk": 38,
    "fields": {
        "profile": 10,
        "data": 36,
        "description": "Son concern allow later crime American popular agreement without fly building father woman main probably time make plant talk stuff their company.",
        "date": "2018-06-17T20:35:25.447Z"
    }
},
{
    "model": "skiller.skill",
    "pk": 39,
    "fields": {
        "profile": 10,
        "data": 73,
        "description": "Garden trial wear event course kid peace hand ever available nearly effect former situation serve direction late upon represent position quickly improve pay sea anyone.",
        "date": "2018-06-17T20:35:25.448Z"
    }
},
{
    "model": "skiller.skill",
    "pk": 40,
    "fields": {
        "profile": 10,
        "data": 8,
        "description": "Husband plan probably law government decade sister investment office fall kind provide probably black push scene including.",
        "date": "2018-06-17T20:35:25.448Z"
    }
},
{
    "model": "skiller.skill",
    "pk": 41,
    "fields": {
        "profile": 10,
        "data": 6,
        "description": "Job general oil get how challenge even almost study among TV commercial medical suggest against especially against first president.",
        "date": "2018-06-17T20:35:25.448Z"
    }
},
{
    "model": "skiller.skill",
    "pk": 42,
    "fields": {
        "profile": 10,
        "data": 23,
        "description": "However give meet movement Congress probably surface mission nor kind human these.",
        "date": "2018-06-17T20:35:25.448Z"
    }
},
{
    "model": "skiller.skill",
    "pk": 43,
    "fields": {
        "profile": 11,
        "data": 88,
        "description": "Eight should relationship red send model former school send realize cup throughout step phone thus return probably job left.",
        "date": "2018-06-17T20:35:25.455Z"
    }
},
{
    "model": "skiller.skill",
    "pk": 44,
    "fields": {
        "profile": 11,
        "data": 66,
        "description": "Last fear night spend whose candidate return single real hand run reality agent hope sing north picture detail company stop nice.",
        "date": "2018-06-17T20:35:25.455Z"
    }
},
{
    "model": "skiller.skill",
    "pk": 45,
    "fields": {
        "profile": 11,
        "data": 24,
        "description": "Job conference bill it later happen much professional these data evening none use clear what animal just government stand attack best rather project.",
        "date": "2018-06-17T20:35:25.455Z"
    }
},
{
    "model": "skiller.skill",
    "pk": 46,
    "fields": {
        "profile": 11,
        "data": 46,
        "description": "Often state somebody amount successful try realize stand they situation theory Mr state down soldier wear realize happen look understand in gas north unit.",
        "date": "2018-06-17T20:35:25.456Z"
    }
},
{
    "model": "skiller.skill",
    "pk": 47,
    "fields": {
        "profile": 11,
        "data": 35,
        "description": "Pm none vote these fall indicate yes where thought case office central political investment do word than forward class seven time forward other official college worry.",
        "date": "2018-06-17T20:35:25.456Z"
    }
},
{
    "model": "skiller.skill",
    "pk": 48,
    "fields": {
        "profile": 11,
        "data": 85,
        "description": "Role identify until bag include election stock right include point network smile act much entire conference believe inside large police foreign source see outside property try camera ability.",
        "date": "2018-06-17T20:35:25.456Z"
    }
},
{
    "model": "skiller.skill",
    "pk": 49,
    "fields": {
        "profile": 12,
        "data": 105,
        "description": "Memory program voice policy leg around shake buy possible population enjoy age me voice campaign develop owner ball born them executive window day whether.",
        "date": "2018-06-17T20:35:25.464Z"
    }
},
{
    "model": "skiller.skill",
    "pk": 50,
    "fields": {
        "profile": 12,
        "data": 67,
        "description": "Fill environmental compare remember child himself focus toward seven trial by level base want.",
        "date": "2018-06-17T20:35:25.464Z"
    }
},
{
    "model": "skiller.skill",
    "pk": 51,
    "fields": {
        "profile": 12,
        "data": 87,
        "description": "Yet ability hour ahead happy tax former task to consider writer man shoulder leader break concern dog soldier Mrs.",
        "date": "2018-06-17T20:35:25.464Z"
    }
},
{
    "model": "skiller.skill",
    "pk": 52,
    "fields": {
        "profile": 13,
        "data": 105,
        "description": "Clear how success southern field else conference table certainly check others build side quite play nation vote.",
        "date": "2018-06-17T20:35:25.470Z"
    }
},
{
    "model": "skiller.skill",
    "pk": 53,
    "fields": {
        "profile": 13,
        "data": 64,
        "description": "Conference factor seem step mention position attack newspaper itself these name impact employee six generation kind sit create beautiful rate themselves arrive.",
        "date": "2018-06-17T20:35:25.470Z"
    }
},
{
    "model": "skiller.skill",
    "pk": 54,
    "fields": {
        "profile": 13,
        "data": 22,
        "description": "Party make quickly fish project some travel hit apply turn however type surface happy rather although.",
        "date": "2018-06-17T20:35:25.471Z"
    }
},
{
    "model": "skiller.skill",
    "pk": 55,
    "fields": {
        "profile": 13,
        "data": 67,
        "description": "Music song voice everybody stand me usually head arm specific add piece address present deal.",
        "date": "2018-06-17T20:35:25.471Z"
    }
},
{
    "model": "skiller.skill",
    "pk": 56,
    "fields": {
        "profile": 13,
        "data": 85,
        "description": "Unit traditional safe model part candidate baby Mr should enjoy give home tonight chair body important finally gas despite call south my pick customer miss tax before.",
        "date": "2018-06-17T20:35:25.472Z"
    }
},
{
    "model": "skiller.skill",
    "pk": 57,
    "fields": {
        "profile": 13,
        "data": 110,
        "description": "Water over seek cup her growth religious responsibility sound deep owner front experience energy civil window one four.",
        "date": "2018-06-17T20:35:25.472Z"
    }
},
{
    "model": "skiller.skill",
    "pk": 58,
    "fields": {
        "profile": 14,
        "data": 76,
        "description": "Get measure difficult full college option kind discover call answer professional themselves education trouble member character tend statement Mrs often control.",
        "date": "2018-06-17T20:35:25.480Z"
    }
},
{
    "model": "skiller.skill",
    "pk": 59,
    "fields": {
        "profile": 14,
        "data": 35,
        "description": "Feeling particularly return stage here concern structure available measure allow require fish other remain research term technology budget.",
        "date": "2018-06-17T20:35:25.481Z"
    }
},
{
    "model": "skiller.skill",
    "pk": 60,
    "fields": {
        "profile": 14,
        "data": 2,
        "description": "Parent always so water beautiful strategy of dinner successful thank voice improve energy.",
        "date": "2018-06-17T20:35:25.481Z"
    }
},
{
    "model": "skiller.skill",
    "pk": 61,
    "fields": {
        "profile": 14,
        "data": 79,
        "description": "Mrs even look include until detail one forward through myself exist claim would.",
        "date": "2018-06-17T20:35:25.481Z"
    }
},
{
    "model": "skiller.skill",
    "pk": 62,
    "fields": {
        "profile": 14,
        "data": 75,
        "description": "Myself get act deep especially along never probably give performance risk employee.",
        "date": "2018-06-17T20:35:25.481Z"
    }
},
{
    "model": "skiller.skill",
    "pk": 63,
    "fields": {
        "profile": 14,
        "data": 87,
        "description": "Every deep happen live usually by million conference general sound case pay experience.",
        "date": "2018-06-17T20:35:25.481Z"
    }
},
{
    "model": "skiller.skill",
    "pk": 64,
    "fields": {
        "profile": 15,
        "data": 99,
        "description": "International past peace hard account yard have huge ahead quality this store.",
        "date": "2018-06-17T20:35:25.488Z"
    }
},
{
    "model": "skiller.skill",
    "pk": 65,
    "fields": {
        "profile": 15,
        "data": 95,
        "description": "Crime them appear technology meet individual building alone light such father clear use.",
        "date": "2018-06-17T20:35:25.488Z"
    }
},
{
    "model": "skiller.skill",
    "pk": 66,
    "fields": {
        "profile": 15,
        "data": 76,
        "description": "Century must beautiful until finally power population baby shake political old real military change outside yet spring.",
        "date": "2018-06-17T20:35:25.488Z"
    }
},
{
    "model": "skiller.skill",
    "pk": 67,
    "fields": {
        "profile": 15,
        "data": 62,
        "description": "You start performance general business claim send hot resource Mrs head small task especially save body scene together yes operation easy new feel mention whole within.",
        "date": "2018-06-17T20:35:25.489Z"
    }
},
{
    "model": "skiller.skill",
    "pk": 68,
    "fields": {
        "profile": 16,
        "data": 8,
        "description": "Method newspaper data drive scene figure break lead full impact any join far husband.",
        "date": "2018-06-17T20:35:25.495Z"
    }
},
{
    "model": "skiller.skill",
    "pk": 69,
    "fields": {
        "profile": 16,
        "data": 2,
        "description": "Compare third soon financial message professor course become notice hair region more attack so issue organization same young sister outside.",
        "date": "2018-06-17T20:35:25.495Z"
    }
},
{
    "model": "skiller.skill",
    "pk": 70,
    "fields": {
        "profile": 16,
        "data": 89,
        "description": "Realize medical since low quality room experience buy young inside fact full ready.",
        "date": "2018-06-17T20:35:25.495Z"
    }
},
{
    "model": "skiller.skill",
    "pk": 71,
    "fields": {
        "profile": 16,
        "data": 105,
        "description": "Wrong attack ok wife campaign later some skill very election throughout woman information defense name someone agree foreign number heart our nearly soon small.",
        "date": "2018-06-17T20:35:25.496Z"
    }
},
{
    "model": "skiller.skill",
    "pk": 72,
    "fields": {
        "profile": 17,
        "data": 40,
        "description": "Those yet single protect dream civil middle audience its line management college girl board feel.",
        "date": "2018-06-17T20:35:25.505Z"
    }
},
{
    "model": "skiller.skill",
    "pk": 73,
    "fields": {
        "profile": 17,
        "data": 35,
        "description": "Include own realize network white arm or lot much happy here another term star air.",
        "date": "2018-06-17T20:35:25.505Z"
    }
},
{
    "model": "skiller.skill",
    "pk": 74,
    "fields": {
        "profile": 17,
        "data": 104,
        "description": "Foot learn model campaign change blue phone among stuff since save middle let leader civil.",
        "date": "2018-06-17T20:35:25.505Z"
    }
},
{
    "model": "skiller.skill",
    "pk": 75,
    "fields": {
        "profile": 17,
        "data": 86,
        "description": "Significant born group this money act thing stand eight professional community smile win deep example fly.",
        "date": "2018-06-17T20:35:25.506Z"
    }
},
{
    "model": "skiller.skill",
    "pk": 76,
    "fields": {
        "profile": 18,
        "data": 28,
        "description": "Recently everybody here record fast have thousand off safe purpose admit stock.",
        "date": "2018-06-17T20:35:25.512Z"
    }
},
{
    "model": "skiller.skill",
    "pk": 77,
    "fields": {
        "profile": 18,
        "data": 60,
        "description": "Fall then hit fund civil eight TV help price stuff explain beat star baby to effect specific.",
        "date": "2018-06-17T20:35:25.512Z"
    }
},
{
    "model": "skiller.skill",
    "pk": 78,
    "fields": {
        "profile": 18,
        "data": 89,
        "description": "Network sort Democrat usually three cold say begin weight film personal base enter everybody.",
        "date": "2018-06-17T20:35:25.512Z"
    }
},
{
    "model": "skiller.skill",
    "pk": 79,
    "fields": {
        "profile": 18,
        "data": 62,
        "description": "Name store growth analysis clear ball lose out clear amount defense add local drive she go.",
        "date": "2018-06-17T20:35:25.513Z"
    }
},
{
    "model": "skiller.skill",
    "pk": 80,
    "fields": {
        "profile": 18,
        "data": 75,
        "description": "Common join attorney mind public wait such year arm five vote consumer stop determine among husband chair smile fast everything road.",
        "date": "2018-06-17T20:35:25.513Z"
    }
},
{
    "model": "skiller.skill",
    "pk": 81,
    "fields": {
        "profile": 19,
        "data": 73,
        "description": "Minute seek life media center indeed national thousand collection easy wrong hotel itself deal.",
        "date": "2018-06-17T20:35:25.520Z"
    }
},
{
    "model": "skiller.skill",
    "pk": 82,
    "fields": {
        "profile": 19,
        "data": 26,
        "description": "Pattern wall education price radio character daughter vote anything a look else player line represent attorney lot raise believe house.",
        "date": "2018-06-17T20:35:25.521Z"
    }
},
{
    "model": "skiller.skill",
    "pk": 83,
    "fields": {
        "profile": 19,
        "data": 2,
        "description": "Store ability these experience blood model change day money never level thus.",
        "date": "2018-06-17T20:35:25.521Z"
    }
},
{
    "model": "skiller.skill",
    "pk": 84,
    "fields": {
        "profile": 19,
        "data": 95,
        "description": "Wrong until throughout why fear industry last you maintain of American reach partner idea sense like evening record keep.",
        "date": "2018-06-17T20:35:25.521Z"
    }
},
{
    "model": "skiller.skill",
    "pk": 85,
    "fields": {
        "profile": 19,
        "data": 35,
        "description": "Simply which area those ever often statement site eight likely audience miss.",
        "date": "2018-06-17T20:35:25.523Z"
    }
},
{
    "model": "skiller.skill",
    "pk": 86,
    "fields": {
        "profile": 20,
        "data": 25,
        "description": "Play today write financial represent common fast control necessary system reality least thank woman president wife.",
        "date": "2018-06-17T20:35:25.530Z"
    }
},
{
    "model": "skiller.skill",
    "pk": 87,
    "fields": {
        "profile": 20,
        "data": 52,
        "description": "Situation step later seat general detail yourself amount south understand one walk energy statement.",
        "date": "2018-06-17T20:35:25.530Z"
    }
},
{
    "model": "skiller.skill",
    "pk": 88,
    "fields": {
        "profile": 20,
        "data": 83,
        "description": "Defense dream like science avoid Democrat pass section short middle section program worker imagine.",
        "date": "2018-06-17T20:35:25.531Z"
    }
},
{
    "model": "skiller.skilldata",
    "pk": 1,
    "fields": {
        "_codename": "auditing"
    }
},
{
    "model": "skiller.skilldata",
    "pk": 2,
    "fields": {
        "_codename": "autocad"
    }
},
{
    "model": "skiller.skilldata",
    "pk": 3,
    "fields": {
        "_codename": "automotive"
    }
},
{
    "model": "skiller.skilldata",
    "pk": 4,
    "fields": {
        "_codename": "art"
    }
},
{
    "model": "skiller.skilldata",
    "pk": 5,
    "fields": {
        "_codename": "analytical_skills"
    }
},
{
    "model": "skiller.skilldata",
    "pk": 6,
    "fields": {
        "_codename": "adobe_photoshop"
    }
},
{
    "model": "skiller.skilldata",
    "pk": 7,
    "fields": {
        "_codename": "art_direction"
    }
},
{
    "model": "skiller.skilldata",
    "pk": 8,
    "fields": {
        "_codename": "automation"
    }
},
{
    "model": "skiller.skilldata",
    "pk": 9,
    "fields": {
        "_codename": "adobe_illustrator"
    }
},
{
    "model": "skiller.skilldata",
    "pk": 10,
    "fields": {
        "_codename": "agile_methodologies"
    }
},
{
    "model": "skiller.skilldata",
    "pk": 11,
    "fields": {
        "_codename": "a_+_certified_-_a320"
    }
},
{
    "model": "skiller.skilldata",
    "pk": 12,
    "fields": {
        "_codename": "a330_-_ac_drives"
    }
},
{
    "model": "skiller.skilldata",
    "pk": 13,
    "fields": {
        "_codename": "ac_nielsen_-_acpi"
    }
},
{
    "model": "skiller.skilldata",
    "pk": 14,
    "fields": {
        "_codename": "acr_-_adea"
    }
},
{
    "model": "skiller.skilldata",
    "pk": 15,
    "fields": {
        "_codename": "adfs_-_ads-b"
    }
},
{
    "model": "skiller.skilldata",
    "pk": 16,
    "fields": {
        "_codename": "adsi_-_ahdl"
    }
},
{
    "model": "skiller.skilldata",
    "pk": 17,
    "fields": {
        "_codename": "ahlta_-_aix_administration"
    }
},
{
    "model": "skiller.skilldata",
    "pk": 18,
    "fields": {
        "_codename": "ajax_-_amba"
    }
},
{
    "model": "skiller.skilldata",
    "pk": 19,
    "fields": {
        "_codename": "amba_ahb_-_amx_programmer"
    }
},
{
    "model": "skiller.skilldata",
    "pk": 20,
    "fields": {
        "_codename": "ancc_-_apa"
    }
},
{
    "model": "skiller.skilldata",
    "pk": 21,
    "fields": {
        "_codename": "apac_-_apt"
    }
},
{
    "model": "skiller.skilldata",
    "pk": 22,
    "fields": {
        "_codename": "apv_-_arma"
    }
},
{
    "model": "skiller.skilldata",
    "pk": 23,
    "fields": {
        "_codename": "arp_-_ask_manman"
    }
},
{
    "model": "skiller.skilldata",
    "pk": 24,
    "fields": {
        "_codename": "asme_standards_-_at&t_business_direct"
    }
},
{
    "model": "skiller.skilldata",
    "pk": 25,
    "fields": {
        "_codename": "at&t_connect_-_atv_insurance"
    }
},
{
    "model": "skiller.skilldata",
    "pk": 26,
    "fields": {
        "_codename": "au_-_aws_(do_not_use_tag_amazon_web_services)"
    }
},
{
    "model": "skiller.skilldata",
    "pk": 27,
    "fields": {
        "_codename": "aws_cwi_-_ableton_live"
    }
},
{
    "model": "skiller.skilldata",
    "pk": 28,
    "fields": {
        "_codename": "ableton_push_-_academic_achievement"
    }
},
{
    "model": "skiller.skilldata",
    "pk": 29,
    "fields": {
        "_codename": "academic_administration_-_accelerated_reader"
    }
},
{
    "model": "skiller.skilldata",
    "pk": 30,
    "fields": {
        "_codename": "accelerated_testing_-_access_to_information"
    }
},
{
    "model": "skiller.skilldata",
    "pk": 31,
    "fields": {
        "_codename": "access_to_justice_-_account_direction"
    }
},
{
    "model": "skiller.skilldata",
    "pk": 32,
    "fields": {
        "_codename": "account_directors_-_accountright"
    }
},
{
    "model": "skiller.skilldata",
    "pk": 33,
    "fields": {
        "_codename": "accountright_live_-_accredited_cruise_counselor"
    }
},
{
    "model": "skiller.skilldata",
    "pk": 34,
    "fields": {
        "_codename": "accredited_staging_professional_-_aconex"
    }
},
{
    "model": "skiller.skilldata",
    "pk": 35,
    "fields": {
        "_codename": "acoustic_-_acronis"
    }
},
{
    "model": "skiller.skilldata",
    "pk": 36,
    "fields": {
        "_codename": "acronis_true_image_-_active_adult_communities"
    }
},
{
    "model": "skiller.skilldata",
    "pk": 37,
    "fields": {
        "_codename": "active_directory_-_activex_data_objects_(ado)"
    }
},
{
    "model": "skiller.skilldata",
    "pk": 38,
    "fields": {
        "_codename": "activism_-_acute_care"
    }
},
{
    "model": "skiller.skilldata",
    "pk": 39,
    "fields": {
        "_codename": "acute_coronary_syndrome_-_adaptive_control"
    }
},
{
    "model": "skiller.skilldata",
    "pk": 40,
    "fields": {
        "_codename": "adaptive_equipment_-_ademco"
    }
},
{
    "model": "skiller.skilldata",
    "pk": 41,
    "fields": {
        "_codename": "adenovirus_-_administration_crm_et_erp"
    }
},
{
    "model": "skiller.skilldata",
    "pk": 42,
    "fields": {
        "_codename": "administration_jobs_-_adobe_certified"
    }
},
{
    "model": "skiller.skilldata",
    "pk": 43,
    "fields": {
        "_codename": "adobe_color_-_adobe_marketing_cloud"
    }
},
{
    "model": "skiller.skilldata",
    "pk": 44,
    "fields": {
        "_codename": "adobe_media_encoder_-_adoption"
    }
},
{
    "model": "skiller.skilldata",
    "pk": 45,
    "fields": {
        "_codename": "adoption_law_-_advanced"
    }
},
{
    "model": "skiller.skilldata",
    "pk": 46,
    "fields": {
        "_codename": "advanced_cardiac_life_support_(acls)_-_advertising_operations"
    }
},
{
    "model": "skiller.skilldata",
    "pk": 47,
    "fields": {
        "_codename": "advertising_research_-_aerobics"
    }
},
{
    "model": "skiller.skilldata",
    "pk": 48,
    "fields": {
        "_codename": "aerodynamics_-_affiliate_window"
    }
},
{
    "model": "skiller.skilldata",
    "pk": 49,
    "fields": {
        "_codename": "affiliates_-_african_development"
    }
},
{
    "model": "skiller.skilldata",
    "pk": 50,
    "fields": {
        "_codename": "african_diaspora_-_agency_relationship_management"
    }
},
{
    "model": "skiller.skilldata",
    "pk": 51,
    "fields": {
        "_codename": "agency_selection_-_agile_methodologies"
    }
},
{
    "model": "skiller.skilldata",
    "pk": 52,
    "fields": {
        "_codename": "agile_modeling_-_agricultural_law"
    }
},
{
    "model": "skiller.skilldata",
    "pk": 53,
    "fields": {
        "_codename": "agricultural_lending_-_air_defense"
    }
},
{
    "model": "skiller.skilldata",
    "pk": 54,
    "fields": {
        "_codename": "air_duct_cleaning_-_airborne_school"
    }
},
{
    "model": "skiller.skilldata",
    "pk": 55,
    "fields": {
        "_codename": "airbrush_-_airline_economics"
    }
},
{
    "model": "skiller.skilldata",
    "pk": 56,
    "fields": {
        "_codename": "airline_management_-_alarmpoint"
    }
},
{
    "model": "skiller.skilldata",
    "pk": 57,
    "fields": {
        "_codename": "albanian_-_algorithm_design"
    }
},
{
    "model": "skiller.skilldata",
    "pk": 58,
    "fields": {
        "_codename": "algorithm_development_-_allergy_testing"
    }
},
{
    "model": "skiller.skilldata",
    "pk": 59,
    "fields": {
        "_codename": "allgemein_-_alternate_channels"
    }
},
{
    "model": "skiller.skilldata",
    "pk": 60,
    "fields": {
        "_codename": "alternate_reality_games_-_altium"
    }
},
{
    "model": "skiller.skilldata",
    "pk": 61,
    "fields": {
        "_codename": "altium_designer_-_amazon_cloudfront"
    }
},
{
    "model": "skiller.skilldata",
    "pk": 62,
    "fields": {
        "_codename": "amazon_dynamodb_-_amdocs"
    }
},
{
    "model": "skiller.skilldata",
    "pk": 63,
    "fields": {
        "_codename": "amek_9098i_-_american_studies"
    }
},
{
    "model": "skiller.skilldata",
    "pk": 64,
    "fields": {
        "_codename": "american_welding_society_(aws)_-_anaerobic_digestion"
    }
},
{
    "model": "skiller.skilldata",
    "pk": 65,
    "fields": {
        "_codename": "anaerobic_microbiology_-_analytica"
    }
},
{
    "model": "skiller.skilldata",
    "pk": 66,
    "fields": {
        "_codename": "analytical_applications_-_analytique"
    }
},
{
    "model": "skiller.skilldata",
    "pk": 67,
    "fields": {
        "_codename": "analyzation_-_android_sdk"
    }
},
{
    "model": "skiller.skilldata",
    "pk": 68,
    "fields": {
        "_codename": "android_studio_-_animal_care"
    }
},
{
    "model": "skiller.skilldata",
    "pk": 69,
    "fields": {
        "_codename": "animal_chiropractic_-_animation_direction"
    }
},
{
    "model": "skiller.skilldata",
    "pk": 70,
    "fields": {
        "_codename": "animation_programming_-_annual_reports"
    }
},
{
    "model": "skiller.skilldata",
    "pk": 71,
    "fields": {
        "_codename": "annual_returns_-_anti-aging_products"
    }
},
{
    "model": "skiller.skilldata",
    "pk": 72,
    "fields": {
        "_codename": "anti-bribery_-_antique_restoration"
    }
},
{
    "model": "skiller.skilldata",
    "pk": 73,
    "fields": {
        "_codename": "antiques_-_apache_cordova"
    }
},
{
    "model": "skiller.skilldata",
    "pk": 74,
    "fields": {
        "_codename": "apache_derby_-_apogee"
    }
},
{
    "model": "skiller.skilldata",
    "pk": 75,
    "fields": {
        "_codename": "apollo_-_appellate_practice"
    }
},
{
    "model": "skiller.skilldata",
    "pk": 76,
    "fields": {
        "_codename": "appetizers_-_apple_tv"
    }
},
{
    "model": "skiller.skilldata",
    "pk": 77,
    "fields": {
        "_codename": "apple_watch_-_application_management_services"
    }
},
{
    "model": "skiller.skilldata",
    "pk": 78,
    "fields": {
        "_codename": "application_migrations_-_applications_development_management"
    }
},
{
    "model": "skiller.skilldata",
    "pk": 79,
    "fields": {
        "_codename": "applications_software_development_-_apportionment"
    }
},
{
    "model": "skiller.skilldata",
    "pk": 80,
    "fields": {
        "_codename": "appraisers_-_aquariums"
    }
},
{
    "model": "skiller.skilldata",
    "pk": 81,
    "fields": {
        "_codename": "aquatic_ecology_-_arcgis"
    }
},
{
    "model": "skiller.skilldata",
    "pk": 82,
    "fields": {
        "_codename": "arcgis_engine_-_archery"
    }
},
{
    "model": "skiller.skilldata",
    "pk": 83,
    "fields": {
        "_codename": "archestra_-_architectural_plans"
    }
},
{
    "model": "skiller.skilldata",
    "pk": 84,
    "fields": {
        "_codename": "architectural_programming_-_archtics_ticketing_system"
    }
},
{
    "model": "skiller.skilldata",
    "pk": 85,
    "fields": {
        "_codename": "arcplan_-_arista"
    }
},
{
    "model": "skiller.skilldata",
    "pk": 86,
    "fields": {
        "_codename": "arithmetic_-_art_consulting"
    }
},
{
    "model": "skiller.skilldata",
    "pk": 87,
    "fields": {
        "_codename": "art_criticism_-_artbase"
    }
},
{
    "model": "skiller.skilldata",
    "pk": 88,
    "fields": {
        "_codename": "artcam_-_articulate_studio"
    }
},
{
    "model": "skiller.skilldata",
    "pk": 89,
    "fields": {
        "_codename": "articulate_suite_-_artlantis_studio"
    }
},
{
    "model": "skiller.skilldata",
    "pk": 90,
    "fields": {
        "_codename": "arts_&_crafts_-_ashtanga"
    }
},
{
    "model": "skiller.skilldata",
    "pk": 91,
    "fields": {
        "_codename": "asia_business_development_-_asphalt_shingles"
    }
},
{
    "model": "skiller.skilldata",
    "pk": 92,
    "fields": {
        "_codename": "aspose_-_assessment_tools"
    }
},
{
    "model": "skiller.skilldata",
    "pk": 93,
    "fields": {
        "_codename": "assessment_for_learning_-_asset-backed_security_(abs)"
    }
},
{
    "model": "skiller.skilldata",
    "pk": 94,
    "fields": {
        "_codename": "asset-backed_securitization_-_association_of_accounting_technicians_(aat)"
    }
},
{
    "model": "skiller.skilldata",
    "pk": 95,
    "fields": {
        "_codename": "association_of_chartered_certified_accountants_(acca)_-_asus"
    }
},
{
    "model": "skiller.skilldata",
    "pk": 96,
    "fields": {
        "_codename": "asylum_-_athletics"
    }
},
{
    "model": "skiller.skilldata",
    "pk": 97,
    "fields": {
        "_codename": "atlas_-_attachment_theory"
    }
},
{
    "model": "skiller.skilldata",
    "pk": 98,
    "fields": {
        "_codename": "attendance_management_-_audience_response_systems"
    }
},
{
    "model": "skiller.skilldata",
    "pk": 99,
    "fields": {
        "_codename": "audience_segmentation_-_audio_plug-ins"
    }
},
{
    "model": "skiller.skilldata",
    "pk": 100,
    "fields": {
        "_codename": "audio_post_production_-_audit_committee"
    }
},
{
    "model": "skiller.skilldata",
    "pk": 101,
    "fields": {
        "_codename": "audit_management_-_aurora_hdr"
    }
},
{
    "model": "skiller.skilldata",
    "pk": 102,
    "fields": {
        "_codename": "australasia_-_auto_glass_replacement"
    }
},
{
    "model": "skiller.skilldata",
    "pk": 103,
    "fields": {
        "_codename": "auto_injuries_-_automapper"
    }
},
{
    "model": "skiller.skilldata",
    "pk": 104,
    "fields": {
        "_codename": "automod_-_autodesk_vault"
    }
},
{
    "model": "skiller.skilldata",
    "pk": 105,
    "fields": {
        "_codename": "autodock_-_automobile_liability"
    }
},
{
    "model": "skiller.skilldata",
    "pk": 106,
    "fields": {
        "_codename": "automotive_-_automotive_technology"
    }
},
{
    "model": "skiller.skilldata",
    "pk": 107,
    "fields": {
        "_codename": "automotive_writing_-_avast"
    }
},
{
    "model": "skiller.skilldata",
    "pk": 108,
    "fields": {
        "_codename": "avatars_-_avid_newscutter"
    }
},
{
    "model": "skiller.skilldata",
    "pk": 109,
    "fields": {
        "_codename": "avid_studio_-_aweber"
    }
},
{
    "model": "skiller.skilldata",
    "pk": 110,
    "fields": {
        "_codename": "awk_-_asdf"
    }
},
{
    "model": "recommander.activity",
    "pk": 1,
    "fields": {
        "profile": 18,
        "activity_type": "v",
        "date": "2018-06-17T20:37:52.243Z",
        "content_type": [
            "account",
            "profile"
        ],
        "object_id": 1
    }
}
]
