[
{
    "model": "sessions.session",
    "pk": "j9ylqelyt74mrvn6i7sz80iyysmd9chk",
    "fields": {
        "session_data": "NTM5NWEyNDk5MWQ1NjY2Y2FjNTNlZmQ4NTU4MGE1ODJkZjI0ZWRiNjp7Il9hdXRoX3VzZXJfYmFja2VuZCI6ImRqYW5nby5jb250cmliLmF1dGguYmFja2VuZHMuTW9kZWxCYWNrZW5kIiwiX2F1dGhfdXNlcl9pZCI6IjEiLCJfYXV0aF91c2VyX2hhc2giOiIxOGZkMTI5NmVjNTYyNWZhMzA4ODRlZTZlYjllMjlkZGUyZTAyNDM4IiwianVzdF9sb2dnZWRfaW4iOmZhbHNlfQ==",
        "expire_date": "2018-07-02T13:50:56.396Z"
    }
},
{
    "model": "sessions.session",
    "pk": "xf9mye17kgf249zu6u3ykv1g6nsaclnx",
    "fields": {
        "session_data": "ZWJlYmI3M2ZiMmFiODE3YjljOTI5NzE4NjllYjM1ZGFlMDRjM2E3NDp7Il9hdXRoX3VzZXJfYmFja2VuZCI6ImRqYW5nby5jb250cmliLmF1dGguYmFja2VuZHMuTW9kZWxCYWNrZW5kIiwiX2F1dGhfdXNlcl9pZCI6IjE3IiwianVzdF9sb2dnZWRfaW4iOmZhbHNlLCJfYXV0aF91c2VyX2hhc2giOiJiYjZkZGJiZGNiNDc4Mzc2M2EyNDMyMzkwZDY1MzZlZGU0MDljNjI1In0=",
        "expire_date": "2018-07-02T12:46:35.316Z"
    }
},
{
    "model": "authentication.user",
    "pk": 1,
    "fields": {
        "password": "pbkdf2_sha256$36000$8WTLbqoZGlYG$9xFI0YYI9+++GQWwvrpFq/j6wVkeW5GGJihGdo7nGXE=",
        "last_login": "2018-06-18T13:42:36.473Z",
        "is_superuser": false,
        "email": "xaustin@gmail.com",
        "first_name": "Keith",
        "last_name": "Ortega",
        "is_admin": false,
        "is_staff": false,
        "is_active": true,
        "date_joined": "2018-06-18T12:42:22.047Z",
        "first_access": false,
        "groups": [],
        "user_permissions": []
    }
},
{
    "model": "authentication.user",
    "pk": 2,
    "fields": {
        "password": "pbkdf2_sha256$36000$aBZVE6CewlZr$gE9xA/AMbLMBA551Xwv5cTCGzuGDiHjSU8qS5foVT1I=",
        "last_login": null,
        "is_superuser": false,
        "email": "crawfordjason@gregory-morgan.com",
        "first_name": "Jennifer",
        "last_name": "Stephens",
        "is_admin": false,
        "is_staff": false,
        "is_active": true,
        "date_joined": "2018-06-18T12:42:22.222Z",
        "first_access": true,
        "groups": [],
        "user_permissions": []
    }
},
{
    "model": "authentication.user",
    "pk": 3,
    "fields": {
        "password": "pbkdf2_sha256$36000$J3bo494CotSi$ZL4ONvlQrq3Mm+fay80EgO6qyJtrS1p/JMz9Ty8cjuE=",
        "last_login": null,
        "is_superuser": false,
        "email": "ucortez@douglas.com",
        "first_name": "Matthew",
        "last_name": "Brown",
        "is_admin": false,
        "is_staff": false,
        "is_active": true,
        "date_joined": "2018-06-18T12:42:22.299Z",
        "first_access": true,
        "groups": [],
        "user_permissions": []
    }
},
{
    "model": "authentication.user",
    "pk": 4,
    "fields": {
        "password": "pbkdf2_sha256$36000$baSAp8hUtbPq$mz+cqChZ9rC3qu93uomm1Fkknl9KZcVcXgdRugez86c=",
        "last_login": null,
        "is_superuser": false,
        "email": "bryantjennifer@garrett.com",
        "first_name": "Ebony",
        "last_name": "Turner",
        "is_admin": false,
        "is_staff": false,
        "is_active": true,
        "date_joined": "2018-06-18T12:42:22.362Z",
        "first_access": true,
        "groups": [],
        "user_permissions": []
    }
},
{
    "model": "authentication.user",
    "pk": 5,
    "fields": {
        "password": "pbkdf2_sha256$36000$HrfIAAvMG4MM$cJ1/f6dms5Hx/GMRhccov9cyzipWvlz0ZFNFdMHTNto=",
        "last_login": null,
        "is_superuser": false,
        "email": "amandaprice@gmail.com",
        "first_name": "Christopher",
        "last_name": "Rivera",
        "is_admin": false,
        "is_staff": false,
        "is_active": true,
        "date_joined": "2018-06-18T12:42:22.430Z",
        "first_access": true,
        "groups": [],
        "user_permissions": []
    }
},
{
    "model": "authentication.user",
    "pk": 6,
    "fields": {
        "password": "pbkdf2_sha256$36000$xwpmJoTGb8ax$xR1xG+Fy1lERu3RSSLaxe7y+YFrMf90k+FIoXNHdsXU=",
        "last_login": null,
        "is_superuser": false,
        "email": "fcortez@yahoo.com",
        "first_name": "Carla",
        "last_name": "Smith",
        "is_admin": false,
        "is_staff": false,
        "is_active": true,
        "date_joined": "2018-06-18T12:42:22.530Z",
        "first_access": true,
        "groups": [],
        "user_permissions": []
    }
},
{
    "model": "authentication.user",
    "pk": 7,
    "fields": {
        "password": "pbkdf2_sha256$36000$akF9cYSPCEq0$AlhqEH9eMwTTiYsUqPkNPNtEsaI5bwnDjVxLh1JestI=",
        "last_login": null,
        "is_superuser": false,
        "email": "waltersalicia@wiggins.com",
        "first_name": "Lynn",
        "last_name": "Bates",
        "is_admin": false,
        "is_staff": false,
        "is_active": true,
        "date_joined": "2018-06-18T12:42:22.622Z",
        "first_access": true,
        "groups": [],
        "user_permissions": []
    }
},
{
    "model": "authentication.user",
    "pk": 8,
    "fields": {
        "password": "pbkdf2_sha256$36000$aQkBxtHFBp5K$/7io/ZQyixEbUhWG+f52vq1TB8CJaWxQaxOx9zJPISg=",
        "last_login": null,
        "is_superuser": false,
        "email": "jordanstone@carrillo.com",
        "first_name": "Nicholas",
        "last_name": "Mills",
        "is_admin": false,
        "is_staff": false,
        "is_active": true,
        "date_joined": "2018-06-18T12:42:22.683Z",
        "first_access": true,
        "groups": [],
        "user_permissions": []
    }
},
{
    "model": "authentication.user",
    "pk": 9,
    "fields": {
        "password": "pbkdf2_sha256$36000$ILgBFvFRGB0F$MJBcxjmyy76Nc32yG4N3ZzFxfUkKxK1v+gbpvemQqQI=",
        "last_login": null,
        "is_superuser": false,
        "email": "deannarangel@yahoo.com",
        "first_name": "Brenda",
        "last_name": "Maddox",
        "is_admin": false,
        "is_staff": false,
        "is_active": true,
        "date_joined": "2018-06-18T12:42:22.750Z",
        "first_access": true,
        "groups": [],
        "user_permissions": []
    }
},
{
    "model": "authentication.user",
    "pk": 10,
    "fields": {
        "password": "pbkdf2_sha256$36000$DnFMHc8iVRnZ$Pojb5uR6fN/U/B2C56VSLjoiGS4goFTlmLipSwTY7EY=",
        "last_login": null,
        "is_superuser": false,
        "email": "jesseabbott@anderson-johnson.com",
        "first_name": "Mary",
        "last_name": "Bryant",
        "is_admin": false,
        "is_staff": false,
        "is_active": true,
        "date_joined": "2018-06-18T12:42:22.833Z",
        "first_access": true,
        "groups": [],
        "user_permissions": []
    }
},
{
    "model": "authentication.user",
    "pk": 11,
    "fields": {
        "password": "pbkdf2_sha256$36000$8IOZOByOwBEA$wsaOAFPWZsDcHckgEk2v/OnEbRLYf2G9ECOkYuJ8bkg=",
        "last_login": null,
        "is_superuser": false,
        "email": "austincarrie@olson.biz",
        "first_name": "Colleen",
        "last_name": "Ruiz",
        "is_admin": false,
        "is_staff": false,
        "is_active": true,
        "date_joined": "2018-06-18T12:42:22.924Z",
        "first_access": true,
        "groups": [],
        "user_permissions": []
    }
},
{
    "model": "authentication.user",
    "pk": 12,
    "fields": {
        "password": "pbkdf2_sha256$36000$F86Q0u5D8COr$js1i5RV150xBE2MLJWuReennCto1BFKDCLEOIzsih9g=",
        "last_login": null,
        "is_superuser": false,
        "email": "joshua36@hotmail.com",
        "first_name": "Abigail",
        "last_name": "Burns",
        "is_admin": false,
        "is_staff": false,
        "is_active": true,
        "date_joined": "2018-06-18T12:42:23.007Z",
        "first_access": true,
        "groups": [],
        "user_permissions": []
    }
},
{
    "model": "authentication.user",
    "pk": 13,
    "fields": {
        "password": "pbkdf2_sha256$36000$GOWVCSkaFyy8$0sEX90q8Rmi7tC8/qzDYzrV/A6euCF38asC/SR0bPyY=",
        "last_login": null,
        "is_superuser": false,
        "email": "david80@hotmail.com",
        "first_name": "Ann",
        "last_name": "Hernandez",
        "is_admin": false,
        "is_staff": false,
        "is_active": true,
        "date_joined": "2018-06-18T12:42:23.092Z",
        "first_access": true,
        "groups": [],
        "user_permissions": []
    }
},
{
    "model": "authentication.user",
    "pk": 14,
    "fields": {
        "password": "pbkdf2_sha256$36000$MNjdLzUU9T7I$FzJTxEDrhaI9gp7gYfYiFNNU3CpGde91Cnup4tbEVEQ=",
        "last_login": null,
        "is_superuser": false,
        "email": "floydcurtis@yahoo.com",
        "first_name": "Kyle",
        "last_name": "Campbell",
        "is_admin": false,
        "is_staff": false,
        "is_active": true,
        "date_joined": "2018-06-18T12:42:23.166Z",
        "first_access": true,
        "groups": [],
        "user_permissions": []
    }
},
{
    "model": "authentication.user",
    "pk": 15,
    "fields": {
        "password": "pbkdf2_sha256$36000$O9i3go5v8wVw$B5weOE51NC86dn9sBFDaZnJie2l9nq/yKMjGHpocrwc=",
        "last_login": null,
        "is_superuser": false,
        "email": "toddkelley@rubio.com",
        "first_name": "Donna",
        "last_name": "Elliott",
        "is_admin": false,
        "is_staff": false,
        "is_active": true,
        "date_joined": "2018-06-18T12:42:23.229Z",
        "first_access": true,
        "groups": [],
        "user_permissions": []
    }
},
{
    "model": "authentication.user",
    "pk": 16,
    "fields": {
        "password": "pbkdf2_sha256$36000$JVdyrmYUEqvQ$F9VTyMghEcVAUrFrIsmpk7igbR8PebOEtenZVmzCq48=",
        "last_login": null,
        "is_superuser": false,
        "email": "brian64@martin.com",
        "first_name": "David",
        "last_name": "Oneal",
        "is_admin": false,
        "is_staff": false,
        "is_active": true,
        "date_joined": "2018-06-18T12:42:23.337Z",
        "first_access": true,
        "groups": [],
        "user_permissions": []
    }
},
{
    "model": "authentication.user",
    "pk": 17,
    "fields": {
        "password": "pbkdf2_sha256$36000$YZVX8bVsE9Xe$3EsJq1lwAbqB7QmTVpeYQk4Eg1IRG7SLMmLVP32kv1Y=",
        "last_login": "2018-06-18T13:41:17.596Z",
        "is_superuser": false,
        "email": "nbailey@yahoo.com",
        "first_name": "Austin",
        "last_name": "Murphy",
        "is_admin": false,
        "is_staff": false,
        "is_active": true,
        "date_joined": "2018-06-18T12:42:23.530Z",
        "first_access": false,
        "groups": [],
        "user_permissions": []
    }
},
{
    "model": "authentication.user",
    "pk": 18,
    "fields": {
        "password": "pbkdf2_sha256$36000$HfbTfshSSU5e$5i21XvLOfekAzluhroBIcnXm8clO6DmpOHYyDsjtVNk=",
        "last_login": null,
        "is_superuser": false,
        "email": "wjohnson@gmail.com",
        "first_name": "Sean",
        "last_name": "Brooks",
        "is_admin": false,
        "is_staff": false,
        "is_active": true,
        "date_joined": "2018-06-18T12:42:23.716Z",
        "first_access": true,
        "groups": [],
        "user_permissions": []
    }
},
{
    "model": "authentication.user",
    "pk": 19,
    "fields": {
        "password": "pbkdf2_sha256$36000$GpkWkGKRKtiD$Ff57n0aXH0HSh4OampD16/VUf9OUkSg1KzVvd42IjCw=",
        "last_login": null,
        "is_superuser": false,
        "email": "jeffrey26@carlson.com",
        "first_name": "Miranda",
        "last_name": "Guzman",
        "is_admin": false,
        "is_staff": false,
        "is_active": true,
        "date_joined": "2018-06-18T12:42:23.878Z",
        "first_access": true,
        "groups": [],
        "user_permissions": []
    }
},
{
    "model": "authentication.user",
    "pk": 20,
    "fields": {
        "password": "pbkdf2_sha256$36000$dzGN2D0ESCPA$7fo+z+qISnwJGK2kL4bOKqD9HGYzOgcb9KeT1ePB41c=",
        "last_login": null,
        "is_superuser": false,
        "email": "kellyabigail@gmail.com",
        "first_name": "Thomas",
        "last_name": "Page",
        "is_admin": false,
        "is_staff": false,
        "is_active": true,
        "date_joined": "2018-06-18T12:42:24.041Z",
        "first_access": true,
        "groups": [],
        "user_permissions": []
    }
},
{
    "model": "guardian.userobjectpermission",
    "pk": 1,
    "fields": {
        "permission": [
            "can_open_threads",
            "projectpager",
            "projectpage"
        ],
        "content_type": [
            "projectpager",
            "projectpage"
        ],
        "object_pk": "1",
        "user": [
            "nbailey@yahoo.com"
        ]
    }
},
{
    "model": "guardian.userobjectpermission",
    "pk": 2,
    "fields": {
        "permission": [
            "can_open_threads",
            "projectpager",
            "projectpage"
        ],
        "content_type": [
            "projectpager",
            "projectpage"
        ],
        "object_pk": "1",
        "user": [
            "xaustin@gmail.com"
        ]
    }
},
{
    "model": "notifications.notification",
    "pk": 1,
    "fields": {
        "level": "info",
        "recipient": [
            "xaustin@gmail.com"
        ],
        "unread": false,
        "actor_content_type": [
            "authentication",
            "user"
        ],
        "actor_object_id": "17",
        "verb": "request",
        "description": "nbailey@yahoo.com invites you to join fluffy bunnies group.",
        "target_content_type": [
            "marathon",
            "socialrequest"
        ],
        "target_object_id": "1",
        "action_object_content_type": null,
        "action_object_object_id": null,
        "timestamp": "2018-06-18T13:38:40.188Z",
        "public": true,
        "deleted": false,
        "emailed": false,
        "data": null
    }
},
{
    "model": "notifications.notification",
    "pk": 2,
    "fields": {
        "level": "info",
        "recipient": [
            "waltersalicia@wiggins.com"
        ],
        "unread": true,
        "actor_content_type": [
            "authentication",
            "user"
        ],
        "actor_object_id": "17",
        "verb": "request",
        "description": "nbailey@yahoo.com invites you to join fluffy bunnies group.",
        "target_content_type": [
            "marathon",
            "socialrequest"
        ],
        "target_object_id": "2",
        "action_object_content_type": null,
        "action_object_object_id": null,
        "timestamp": "2018-06-18T13:38:40.212Z",
        "public": true,
        "deleted": false,
        "emailed": false,
        "data": null
    }
},
{
    "model": "notifications.notification",
    "pk": 3,
    "fields": {
        "level": "info",
        "recipient": [
            "austincarrie@olson.biz"
        ],
        "unread": true,
        "actor_content_type": [
            "authentication",
            "user"
        ],
        "actor_object_id": "17",
        "verb": "request",
        "description": "nbailey@yahoo.com invites you to join fluffy bunnies group.",
        "target_content_type": [
            "marathon",
            "socialrequest"
        ],
        "target_object_id": "3",
        "action_object_content_type": null,
        "action_object_object_id": null,
        "timestamp": "2018-06-18T13:38:40.231Z",
        "public": true,
        "deleted": false,
        "emailed": false,
        "data": null
    }
},
{
    "model": "notifications.notification",
    "pk": 4,
    "fields": {
        "level": "info",
        "recipient": [
            "joshua36@hotmail.com"
        ],
        "unread": true,
        "actor_content_type": [
            "authentication",
            "user"
        ],
        "actor_object_id": "17",
        "verb": "request",
        "description": "nbailey@yahoo.com invites you to join fluffy bunnies group.",
        "target_content_type": [
            "marathon",
            "socialrequest"
        ],
        "target_object_id": "4",
        "action_object_content_type": null,
        "action_object_object_id": null,
        "timestamp": "2018-06-18T13:38:40.251Z",
        "public": true,
        "deleted": false,
        "emailed": false,
        "data": null
    }
},
{
    "model": "notifications.notification",
    "pk": 5,
    "fields": {
        "level": "info",
        "recipient": [
            "david80@hotmail.com"
        ],
        "unread": true,
        "actor_content_type": [
            "authentication",
            "user"
        ],
        "actor_object_id": "17",
        "verb": "request",
        "description": "nbailey@yahoo.com invites you to join fluffy bunnies group.",
        "target_content_type": [
            "marathon",
            "socialrequest"
        ],
        "target_object_id": "5",
        "action_object_content_type": null,
        "action_object_object_id": null,
        "timestamp": "2018-06-18T13:38:40.270Z",
        "public": true,
        "deleted": false,
        "emailed": false,
        "data": null
    }
},
{
    "model": "notifications.notification",
    "pk": 6,
    "fields": {
        "level": "info",
        "recipient": [
            "toddkelley@rubio.com"
        ],
        "unread": true,
        "actor_content_type": [
            "authentication",
            "user"
        ],
        "actor_object_id": "17",
        "verb": "request",
        "description": "nbailey@yahoo.com invites you to join fluffy bunnies group.",
        "target_content_type": [
            "marathon",
            "socialrequest"
        ],
        "target_object_id": "6",
        "action_object_content_type": null,
        "action_object_object_id": null,
        "timestamp": "2018-06-18T13:38:40.287Z",
        "public": true,
        "deleted": false,
        "emailed": false,
        "data": null
    }
},
{
    "model": "notifications.notification",
    "pk": 7,
    "fields": {
        "level": "info",
        "recipient": [
            "floydcurtis@yahoo.com"
        ],
        "unread": true,
        "actor_content_type": [
            "authentication",
            "user"
        ],
        "actor_object_id": "17",
        "verb": "request",
        "description": "nbailey@yahoo.com invites you to join fluffy bunnies group.",
        "target_content_type": [
            "marathon",
            "socialrequest"
        ],
        "target_object_id": "7",
        "action_object_content_type": null,
        "action_object_object_id": null,
        "timestamp": "2018-06-18T13:38:40.305Z",
        "public": true,
        "deleted": false,
        "emailed": false,
        "data": null
    }
},
{
    "model": "notifications.notification",
    "pk": 8,
    "fields": {
        "level": "info",
        "recipient": [
            "amandaprice@gmail.com"
        ],
        "unread": true,
        "actor_content_type": [
            "authentication",
            "user"
        ],
        "actor_object_id": "17",
        "verb": "request",
        "description": "nbailey@yahoo.com invites you to join fluffy bunnies group.",
        "target_content_type": [
            "marathon",
            "socialrequest"
        ],
        "target_object_id": "8",
        "action_object_content_type": null,
        "action_object_object_id": null,
        "timestamp": "2018-06-18T13:38:40.322Z",
        "public": true,
        "deleted": false,
        "emailed": false,
        "data": null
    }
},
{
    "model": "notifications.notification",
    "pk": 9,
    "fields": {
        "level": "info",
        "recipient": [
            "fcortez@yahoo.com"
        ],
        "unread": true,
        "actor_content_type": [
            "authentication",
            "user"
        ],
        "actor_object_id": "17",
        "verb": "request",
        "description": "nbailey@yahoo.com invites you to join fluffy bunnies group.",
        "target_content_type": [
            "marathon",
            "socialrequest"
        ],
        "target_object_id": "9",
        "action_object_content_type": null,
        "action_object_object_id": null,
        "timestamp": "2018-06-18T13:38:40.338Z",
        "public": true,
        "deleted": false,
        "emailed": false,
        "data": null
    }
},
{
    "model": "notifications.notification",
    "pk": 10,
    "fields": {
        "level": "info",
        "recipient": [
            "brian64@martin.com"
        ],
        "unread": true,
        "actor_content_type": [
            "authentication",
            "user"
        ],
        "actor_object_id": "17",
        "verb": "request",
        "description": "nbailey@yahoo.com invites you to join fluffy bunnies group.",
        "target_content_type": [
            "marathon",
            "socialrequest"
        ],
        "target_object_id": "10",
        "action_object_content_type": null,
        "action_object_object_id": null,
        "timestamp": "2018-06-18T13:38:40.352Z",
        "public": true,
        "deleted": false,
        "emailed": false,
        "data": null
    }
},
{
    "model": "notifications.notification",
    "pk": 11,
    "fields": {
        "level": "info",
        "recipient": [
            "bryantjennifer@garrett.com"
        ],
        "unread": true,
        "actor_content_type": [
            "authentication",
            "user"
        ],
        "actor_object_id": "17",
        "verb": "request",
        "description": "nbailey@yahoo.com invites you to join fluffy bunnies group.",
        "target_content_type": [
            "marathon",
            "socialrequest"
        ],
        "target_object_id": "11",
        "action_object_content_type": null,
        "action_object_object_id": null,
        "timestamp": "2018-06-18T13:38:40.368Z",
        "public": true,
        "deleted": false,
        "emailed": false,
        "data": null
    }
},
{
    "model": "notifications.notification",
    "pk": 12,
    "fields": {
        "level": "info",
        "recipient": [
            "jeffrey26@carlson.com"
        ],
        "unread": true,
        "actor_content_type": [
            "authentication",
            "user"
        ],
        "actor_object_id": "17",
        "verb": "request",
        "description": "nbailey@yahoo.com invites you to join fluffy bunnies group.",
        "target_content_type": [
            "marathon",
            "socialrequest"
        ],
        "target_object_id": "12",
        "action_object_content_type": null,
        "action_object_object_id": null,
        "timestamp": "2018-06-18T13:38:40.385Z",
        "public": true,
        "deleted": false,
        "emailed": false,
        "data": null
    }
},
{
    "model": "account.profile",
    "pk": 1,
    "fields": {
        "user": [
            "xaustin@gmail.com"
        ],
        "description": "Often impact try certain walk.",
        "actual_job": "Financial manager",
        "num_contacts": 5,
        "img": "1/mup.jpg"
    }
},
{
    "model": "account.profile",
    "pk": 2,
    "fields": {
        "user": [
            "crawfordjason@gregory-morgan.com"
        ],
        "description": "Us popular word.",
        "actual_job": "Journalist, broadcasting",
        "num_contacts": 10,
        "img": ""
    }
},
{
    "model": "account.profile",
    "pk": 3,
    "fields": {
        "user": [
            "ucortez@douglas.com"
        ],
        "description": "Force term magazine.",
        "actual_job": "Librarian, academic",
        "num_contacts": 10,
        "img": ""
    }
},
{
    "model": "account.profile",
    "pk": 4,
    "fields": {
        "user": [
            "bryantjennifer@garrett.com"
        ],
        "description": "Look list artist tax list sit foreign.",
        "actual_job": "Learning mentor",
        "num_contacts": 11,
        "img": ""
    }
},
{
    "model": "account.profile",
    "pk": 5,
    "fields": {
        "user": [
            "amandaprice@gmail.com"
        ],
        "description": "Identify admit must run prevent against matter.",
        "actual_job": "Scientist, product/process development",
        "num_contacts": 13,
        "img": ""
    }
},
{
    "model": "account.profile",
    "pk": 6,
    "fields": {
        "user": [
            "fcortez@yahoo.com"
        ],
        "description": "Program front out none region sea blood.",
        "actual_job": "Production designer, theatre/television/film",
        "num_contacts": 15,
        "img": ""
    }
},
{
    "model": "account.profile",
    "pk": 7,
    "fields": {
        "user": [
            "waltersalicia@wiggins.com"
        ],
        "description": "Contain trial understand million arm debate miss.",
        "actual_job": "Commercial/residential surveyor",
        "num_contacts": 6,
        "img": ""
    }
},
{
    "model": "account.profile",
    "pk": 8,
    "fields": {
        "user": [
            "jordanstone@carrillo.com"
        ],
        "description": "Home product keep mention real light doctor.",
        "actual_job": "Therapist, sports",
        "num_contacts": 10,
        "img": ""
    }
},
{
    "model": "account.profile",
    "pk": 9,
    "fields": {
        "user": [
            "deannarangel@yahoo.com"
        ],
        "description": "South teach international significant.",
        "actual_job": "Microbiologist",
        "num_contacts": 10,
        "img": ""
    }
},
{
    "model": "account.profile",
    "pk": 10,
    "fields": {
        "user": [
            "jesseabbott@anderson-johnson.com"
        ],
        "description": "Event trial machine who everybody standard while.",
        "actual_job": "Ambulance person",
        "num_contacts": 13,
        "img": ""
    }
},
{
    "model": "account.profile",
    "pk": 11,
    "fields": {
        "user": [
            "austincarrie@olson.biz"
        ],
        "description": "Interest consumer prevent attention bar hard easy.",
        "actual_job": "Commercial horticulturist",
        "num_contacts": 7,
        "img": ""
    }
},
{
    "model": "account.profile",
    "pk": 12,
    "fields": {
        "user": [
            "joshua36@hotmail.com"
        ],
        "description": "City she low evidence network far chair he.",
        "actual_job": "Lobbyist",
        "num_contacts": 12,
        "img": ""
    }
},
{
    "model": "account.profile",
    "pk": 13,
    "fields": {
        "user": [
            "david80@hotmail.com"
        ],
        "description": "Trouble forward sound ask describe dinner.",
        "actual_job": "Diplomatic Services operational officer",
        "num_contacts": 13,
        "img": ""
    }
},
{
    "model": "account.profile",
    "pk": 14,
    "fields": {
        "user": [
            "floydcurtis@yahoo.com"
        ],
        "description": "Piece remember detail out argue this change.",
        "actual_job": "Lobbyist",
        "num_contacts": 10,
        "img": ""
    }
},
{
    "model": "account.profile",
    "pk": 15,
    "fields": {
        "user": [
            "toddkelley@rubio.com"
        ],
        "description": "Sing shake bit.",
        "actual_job": "Engineer, electronics",
        "num_contacts": 10,
        "img": ""
    }
},
{
    "model": "account.profile",
    "pk": 16,
    "fields": {
        "user": [
            "brian64@martin.com"
        ],
        "description": "Decide foot space lay center imagine third question.",
        "actual_job": "Engineer, electronics",
        "num_contacts": 11,
        "img": ""
    }
},
{
    "model": "account.profile",
    "pk": 17,
    "fields": {
        "user": [
            "nbailey@yahoo.com"
        ],
        "description": "Among impact bed would.",
        "actual_job": "Advice worker",
        "num_contacts": 12,
        "img": "17/coniglio-ariete-nano.jpg"
    }
},
{
    "model": "account.profile",
    "pk": 18,
    "fields": {
        "user": [
            "wjohnson@gmail.com"
        ],
        "description": "Product official site affect former.",
        "actual_job": "Sales professional, IT",
        "num_contacts": 9,
        "img": ""
    }
},
{
    "model": "account.profile",
    "pk": 19,
    "fields": {
        "user": [
            "jeffrey26@carlson.com"
        ],
        "description": "Pretty first newspaper.",
        "actual_job": "Minerals surveyor",
        "num_contacts": 7,
        "img": ""
    }
},
{
    "model": "account.profile",
    "pk": 20,
    "fields": {
        "user": [
            "kellyabigail@gmail.com"
        ],
        "description": "Series street rock budget feel deal trouble.",
        "actual_job": "Nurse, mental health",
        "num_contacts": 12,
        "img": ""
    }
},
{
    "model": "marathon.socialrequest",
    "pk": 1,
    "fields": {
        "by": 17,
        "to": 1,
        "status": "ACC",
        "label": "invite_request",
        "tile": "nbailey@yahoo.com invites you to join fluffy bunnies group.",
        "date": "2018-06-18T13:38:40.180Z",
        "status_date": "2018-06-18T13:39:45.431Z",
        "data": {
            "project": "[{\"model\": \"projectpager.projectpage\", \"pk\": 1, \"fields\": {\"owner\": 17, \"_name\": \"fluffy_bunnies\", \"description\": \"In this group we'll talk about how house rabbits are fluffy. If you love these little pets you can join the group adding me to your contacts and sending a direct. I will send you a request to join the group.\", \"profiles\": [17]}}]"
        }
    }
},
{
    "model": "marathon.socialrequest",
    "pk": 2,
    "fields": {
        "by": 17,
        "to": 7,
        "status": "PEN",
        "label": "invite_request",
        "tile": "nbailey@yahoo.com invites you to join fluffy bunnies group.",
        "date": "2018-06-18T13:38:40.206Z",
        "status_date": "2018-06-18T13:38:40.206Z",
        "data": {
            "project": "[{\"model\": \"projectpager.projectpage\", \"pk\": 1, \"fields\": {\"owner\": 17, \"_name\": \"fluffy_bunnies\", \"description\": \"In this group we'll talk about how house rabbits are fluffy. If you love these little pets you can join the group adding me to your contacts and sending a direct. I will send you a request to join the group.\", \"profiles\": [17]}}]"
        }
    }
},
{
    "model": "marathon.socialrequest",
    "pk": 3,
    "fields": {
        "by": 17,
        "to": 11,
        "status": "PEN",
        "label": "invite_request",
        "tile": "nbailey@yahoo.com invites you to join fluffy bunnies group.",
        "date": "2018-06-18T13:38:40.224Z",
        "status_date": "2018-06-18T13:38:40.224Z",
        "data": {
            "project": "[{\"model\": \"projectpager.projectpage\", \"pk\": 1, \"fields\": {\"owner\": 17, \"_name\": \"fluffy_bunnies\", \"description\": \"In this group we'll talk about how house rabbits are fluffy. If you love these little pets you can join the group adding me to your contacts and sending a direct. I will send you a request to join the group.\", \"profiles\": [17]}}]"
        }
    }
},
{
    "model": "marathon.socialrequest",
    "pk": 4,
    "fields": {
        "by": 17,
        "to": 12,
        "status": "PEN",
        "label": "invite_request",
        "tile": "nbailey@yahoo.com invites you to join fluffy bunnies group.",
        "date": "2018-06-18T13:38:40.245Z",
        "status_date": "2018-06-18T13:38:40.245Z",
        "data": {
            "project": "[{\"model\": \"projectpager.projectpage\", \"pk\": 1, \"fields\": {\"owner\": 17, \"_name\": \"fluffy_bunnies\", \"description\": \"In this group we'll talk about how house rabbits are fluffy. If you love these little pets you can join the group adding me to your contacts and sending a direct. I will send you a request to join the group.\", \"profiles\": [17]}}]"
        }
    }
},
{
    "model": "marathon.socialrequest",
    "pk": 5,
    "fields": {
        "by": 17,
        "to": 13,
        "status": "PEN",
        "label": "invite_request",
        "tile": "nbailey@yahoo.com invites you to join fluffy bunnies group.",
        "date": "2018-06-18T13:38:40.265Z",
        "status_date": "2018-06-18T13:38:40.265Z",
        "data": {
            "project": "[{\"model\": \"projectpager.projectpage\", \"pk\": 1, \"fields\": {\"owner\": 17, \"_name\": \"fluffy_bunnies\", \"description\": \"In this group we'll talk about how house rabbits are fluffy. If you love these little pets you can join the group adding me to your contacts and sending a direct. I will send you a request to join the group.\", \"profiles\": [17]}}]"
        }
    }
},
{
    "model": "marathon.socialrequest",
    "pk": 6,
    "fields": {
        "by": 17,
        "to": 15,
        "status": "PEN",
        "label": "invite_request",
        "tile": "nbailey@yahoo.com invites you to join fluffy bunnies group.",
        "date": "2018-06-18T13:38:40.281Z",
        "status_date": "2018-06-18T13:38:40.281Z",
        "data": {
            "project": "[{\"model\": \"projectpager.projectpage\", \"pk\": 1, \"fields\": {\"owner\": 17, \"_name\": \"fluffy_bunnies\", \"description\": \"In this group we'll talk about how house rabbits are fluffy. If you love these little pets you can join the group adding me to your contacts and sending a direct. I will send you a request to join the group.\", \"profiles\": [17]}}]"
        }
    }
},
{
    "model": "marathon.socialrequest",
    "pk": 7,
    "fields": {
        "by": 17,
        "to": 14,
        "status": "PEN",
        "label": "invite_request",
        "tile": "nbailey@yahoo.com invites you to join fluffy bunnies group.",
        "date": "2018-06-18T13:38:40.299Z",
        "status_date": "2018-06-18T13:38:40.299Z",
        "data": {
            "project": "[{\"model\": \"projectpager.projectpage\", \"pk\": 1, \"fields\": {\"owner\": 17, \"_name\": \"fluffy_bunnies\", \"description\": \"In this group we'll talk about how house rabbits are fluffy. If you love these little pets you can join the group adding me to your contacts and sending a direct. I will send you a request to join the group.\", \"profiles\": [17]}}]"
        }
    }
},
{
    "model": "marathon.socialrequest",
    "pk": 8,
    "fields": {
        "by": 17,
        "to": 5,
        "status": "PEN",
        "label": "invite_request",
        "tile": "nbailey@yahoo.com invites you to join fluffy bunnies group.",
        "date": "2018-06-18T13:38:40.315Z",
        "status_date": "2018-06-18T13:38:40.315Z",
        "data": {
            "project": "[{\"model\": \"projectpager.projectpage\", \"pk\": 1, \"fields\": {\"owner\": 17, \"_name\": \"fluffy_bunnies\", \"description\": \"In this group we'll talk about how house rabbits are fluffy. If you love these little pets you can join the group adding me to your contacts and sending a direct. I will send you a request to join the group.\", \"profiles\": [17]}}]"
        }
    }
},
{
    "model": "marathon.socialrequest",
    "pk": 9,
    "fields": {
        "by": 17,
        "to": 6,
        "status": "PEN",
        "label": "invite_request",
        "tile": "nbailey@yahoo.com invites you to join fluffy bunnies group.",
        "date": "2018-06-18T13:38:40.332Z",
        "status_date": "2018-06-18T13:38:40.332Z",
        "data": {
            "project": "[{\"model\": \"projectpager.projectpage\", \"pk\": 1, \"fields\": {\"owner\": 17, \"_name\": \"fluffy_bunnies\", \"description\": \"In this group we'll talk about how house rabbits are fluffy. If you love these little pets you can join the group adding me to your contacts and sending a direct. I will send you a request to join the group.\", \"profiles\": [17]}}]"
        }
    }
},
{
    "model": "marathon.socialrequest",
    "pk": 10,
    "fields": {
        "by": 17,
        "to": 16,
        "status": "PEN",
        "label": "invite_request",
        "tile": "nbailey@yahoo.com invites you to join fluffy bunnies group.",
        "date": "2018-06-18T13:38:40.347Z",
        "status_date": "2018-06-18T13:38:40.348Z",
        "data": {
            "project": "[{\"model\": \"projectpager.projectpage\", \"pk\": 1, \"fields\": {\"owner\": 17, \"_name\": \"fluffy_bunnies\", \"description\": \"In this group we'll talk about how house rabbits are fluffy. If you love these little pets you can join the group adding me to your contacts and sending a direct. I will send you a request to join the group.\", \"profiles\": [17]}}]"
        }
    }
},
{
    "model": "marathon.socialrequest",
    "pk": 11,
    "fields": {
        "by": 17,
        "to": 4,
        "status": "PEN",
        "label": "invite_request",
        "tile": "nbailey@yahoo.com invites you to join fluffy bunnies group.",
        "date": "2018-06-18T13:38:40.363Z",
        "status_date": "2018-06-18T13:38:40.363Z",
        "data": {
            "project": "[{\"model\": \"projectpager.projectpage\", \"pk\": 1, \"fields\": {\"owner\": 17, \"_name\": \"fluffy_bunnies\", \"description\": \"In this group we'll talk about how house rabbits are fluffy. If you love these little pets you can join the group adding me to your contacts and sending a direct. I will send you a request to join the group.\", \"profiles\": [17]}}]"
        }
    }
},
{
    "model": "marathon.socialrequest",
    "pk": 12,
    "fields": {
        "by": 17,
        "to": 19,
        "status": "PEN",
        "label": "invite_request",
        "tile": "nbailey@yahoo.com invites you to join fluffy bunnies group.",
        "date": "2018-06-18T13:38:40.378Z",
        "status_date": "2018-06-18T13:38:40.378Z",
        "data": {
            "project": "[{\"model\": \"projectpager.projectpage\", \"pk\": 1, \"fields\": {\"owner\": 17, \"_name\": \"fluffy_bunnies\", \"description\": \"In this group we'll talk about how house rabbits are fluffy. If you love these little pets you can join the group adding me to your contacts and sending a direct. I will send you a request to join the group.\", \"profiles\": [17]}}]"
        }
    }
},
{
    "model": "friendship.friendship",
    "pk": 1,
    "fields": {
        "by": 1,
        "to": 20,
        "date": "2018-06-18T12:42:25.475Z"
    }
},
{
    "model": "friendship.friendship",
    "pk": 2,
    "fields": {
        "by": 1,
        "to": 12,
        "date": "2018-06-18T12:42:25.475Z"
    }
},
{
    "model": "friendship.friendship",
    "pk": 3,
    "fields": {
        "by": 1,
        "to": 17,
        "date": "2018-06-18T12:42:25.475Z"
    }
},
{
    "model": "friendship.friendship",
    "pk": 4,
    "fields": {
        "by": 1,
        "to": 5,
        "date": "2018-06-18T12:42:25.475Z"
    }
},
{
    "model": "friendship.friendship",
    "pk": 5,
    "fields": {
        "by": 20,
        "to": 1,
        "date": "2018-06-18T12:42:25.479Z"
    }
},
{
    "model": "friendship.friendship",
    "pk": 6,
    "fields": {
        "by": 12,
        "to": 1,
        "date": "2018-06-18T12:42:25.479Z"
    }
},
{
    "model": "friendship.friendship",
    "pk": 7,
    "fields": {
        "by": 17,
        "to": 1,
        "date": "2018-06-18T12:42:25.479Z"
    }
},
{
    "model": "friendship.friendship",
    "pk": 8,
    "fields": {
        "by": 5,
        "to": 1,
        "date": "2018-06-18T12:42:25.480Z"
    }
},
{
    "model": "friendship.friendship",
    "pk": 9,
    "fields": {
        "by": 2,
        "to": 12,
        "date": "2018-06-18T12:42:25.491Z"
    }
},
{
    "model": "friendship.friendship",
    "pk": 10,
    "fields": {
        "by": 2,
        "to": 3,
        "date": "2018-06-18T12:42:25.491Z"
    }
},
{
    "model": "friendship.friendship",
    "pk": 11,
    "fields": {
        "by": 2,
        "to": 10,
        "date": "2018-06-18T12:42:25.492Z"
    }
},
{
    "model": "friendship.friendship",
    "pk": 12,
    "fields": {
        "by": 2,
        "to": 13,
        "date": "2018-06-18T12:42:25.492Z"
    }
},
{
    "model": "friendship.friendship",
    "pk": 13,
    "fields": {
        "by": 2,
        "to": 6,
        "date": "2018-06-18T12:42:25.492Z"
    }
},
{
    "model": "friendship.friendship",
    "pk": 14,
    "fields": {
        "by": 12,
        "to": 2,
        "date": "2018-06-18T12:42:25.495Z"
    }
},
{
    "model": "friendship.friendship",
    "pk": 15,
    "fields": {
        "by": 3,
        "to": 2,
        "date": "2018-06-18T12:42:25.495Z"
    }
},
{
    "model": "friendship.friendship",
    "pk": 16,
    "fields": {
        "by": 10,
        "to": 2,
        "date": "2018-06-18T12:42:25.495Z"
    }
},
{
    "model": "friendship.friendship",
    "pk": 17,
    "fields": {
        "by": 13,
        "to": 2,
        "date": "2018-06-18T12:42:25.495Z"
    }
},
{
    "model": "friendship.friendship",
    "pk": 18,
    "fields": {
        "by": 6,
        "to": 2,
        "date": "2018-06-18T12:42:25.495Z"
    }
},
{
    "model": "friendship.friendship",
    "pk": 19,
    "fields": {
        "by": 3,
        "to": 4,
        "date": "2018-06-18T12:42:25.507Z"
    }
},
{
    "model": "friendship.friendship",
    "pk": 20,
    "fields": {
        "by": 3,
        "to": 5,
        "date": "2018-06-18T12:42:25.507Z"
    }
},
{
    "model": "friendship.friendship",
    "pk": 21,
    "fields": {
        "by": 3,
        "to": 8,
        "date": "2018-06-18T12:42:25.507Z"
    }
},
{
    "model": "friendship.friendship",
    "pk": 22,
    "fields": {
        "by": 3,
        "to": 10,
        "date": "2018-06-18T12:42:25.507Z"
    }
},
{
    "model": "friendship.friendship",
    "pk": 23,
    "fields": {
        "by": 4,
        "to": 3,
        "date": "2018-06-18T12:42:25.511Z"
    }
},
{
    "model": "friendship.friendship",
    "pk": 24,
    "fields": {
        "by": 5,
        "to": 3,
        "date": "2018-06-18T12:42:25.511Z"
    }
},
{
    "model": "friendship.friendship",
    "pk": 25,
    "fields": {
        "by": 8,
        "to": 3,
        "date": "2018-06-18T12:42:25.511Z"
    }
},
{
    "model": "friendship.friendship",
    "pk": 26,
    "fields": {
        "by": 10,
        "to": 3,
        "date": "2018-06-18T12:42:25.511Z"
    }
},
{
    "model": "friendship.friendship",
    "pk": 27,
    "fields": {
        "by": 4,
        "to": 1,
        "date": "2018-06-18T12:42:25.521Z"
    }
},
{
    "model": "friendship.friendship",
    "pk": 28,
    "fields": {
        "by": 4,
        "to": 20,
        "date": "2018-06-18T12:42:25.521Z"
    }
},
{
    "model": "friendship.friendship",
    "pk": 29,
    "fields": {
        "by": 4,
        "to": 10,
        "date": "2018-06-18T12:42:25.521Z"
    }
},
{
    "model": "friendship.friendship",
    "pk": 30,
    "fields": {
        "by": 4,
        "to": 12,
        "date": "2018-06-18T12:42:25.521Z"
    }
},
{
    "model": "friendship.friendship",
    "pk": 31,
    "fields": {
        "by": 4,
        "to": 16,
        "date": "2018-06-18T12:42:25.521Z"
    }
},
{
    "model": "friendship.friendship",
    "pk": 32,
    "fields": {
        "by": 4,
        "to": 8,
        "date": "2018-06-18T12:42:25.521Z"
    }
},
{
    "model": "friendship.friendship",
    "pk": 33,
    "fields": {
        "by": 1,
        "to": 4,
        "date": "2018-06-18T12:42:25.525Z"
    }
},
{
    "model": "friendship.friendship",
    "pk": 34,
    "fields": {
        "by": 20,
        "to": 4,
        "date": "2018-06-18T12:42:25.525Z"
    }
},
{
    "model": "friendship.friendship",
    "pk": 35,
    "fields": {
        "by": 10,
        "to": 4,
        "date": "2018-06-18T12:42:25.525Z"
    }
},
{
    "model": "friendship.friendship",
    "pk": 36,
    "fields": {
        "by": 12,
        "to": 4,
        "date": "2018-06-18T12:42:25.525Z"
    }
},
{
    "model": "friendship.friendship",
    "pk": 37,
    "fields": {
        "by": 16,
        "to": 4,
        "date": "2018-06-18T12:42:25.525Z"
    }
},
{
    "model": "friendship.friendship",
    "pk": 38,
    "fields": {
        "by": 8,
        "to": 4,
        "date": "2018-06-18T12:42:25.525Z"
    }
},
{
    "model": "friendship.friendship",
    "pk": 39,
    "fields": {
        "by": 5,
        "to": 14,
        "date": "2018-06-18T12:42:25.535Z"
    }
},
{
    "model": "friendship.friendship",
    "pk": 40,
    "fields": {
        "by": 5,
        "to": 9,
        "date": "2018-06-18T12:42:25.535Z"
    }
},
{
    "model": "friendship.friendship",
    "pk": 41,
    "fields": {
        "by": 5,
        "to": 10,
        "date": "2018-06-18T12:42:25.535Z"
    }
},
{
    "model": "friendship.friendship",
    "pk": 42,
    "fields": {
        "by": 5,
        "to": 20,
        "date": "2018-06-18T12:42:25.535Z"
    }
},
{
    "model": "friendship.friendship",
    "pk": 43,
    "fields": {
        "by": 5,
        "to": 6,
        "date": "2018-06-18T12:42:25.536Z"
    }
},
{
    "model": "friendship.friendship",
    "pk": 44,
    "fields": {
        "by": 5,
        "to": 2,
        "date": "2018-06-18T12:42:25.536Z"
    }
},
{
    "model": "friendship.friendship",
    "pk": 45,
    "fields": {
        "by": 14,
        "to": 5,
        "date": "2018-06-18T12:42:25.539Z"
    }
},
{
    "model": "friendship.friendship",
    "pk": 46,
    "fields": {
        "by": 9,
        "to": 5,
        "date": "2018-06-18T12:42:25.539Z"
    }
},
{
    "model": "friendship.friendship",
    "pk": 47,
    "fields": {
        "by": 10,
        "to": 5,
        "date": "2018-06-18T12:42:25.539Z"
    }
},
{
    "model": "friendship.friendship",
    "pk": 48,
    "fields": {
        "by": 20,
        "to": 5,
        "date": "2018-06-18T12:42:25.539Z"
    }
},
{
    "model": "friendship.friendship",
    "pk": 49,
    "fields": {
        "by": 6,
        "to": 5,
        "date": "2018-06-18T12:42:25.539Z"
    }
},
{
    "model": "friendship.friendship",
    "pk": 50,
    "fields": {
        "by": 2,
        "to": 5,
        "date": "2018-06-18T12:42:25.539Z"
    }
},
{
    "model": "friendship.friendship",
    "pk": 51,
    "fields": {
        "by": 6,
        "to": 13,
        "date": "2018-06-18T12:42:25.550Z"
    }
},
{
    "model": "friendship.friendship",
    "pk": 52,
    "fields": {
        "by": 6,
        "to": 18,
        "date": "2018-06-18T12:42:25.550Z"
    }
},
{
    "model": "friendship.friendship",
    "pk": 53,
    "fields": {
        "by": 6,
        "to": 3,
        "date": "2018-06-18T12:42:25.550Z"
    }
},
{
    "model": "friendship.friendship",
    "pk": 54,
    "fields": {
        "by": 6,
        "to": 4,
        "date": "2018-06-18T12:42:25.550Z"
    }
},
{
    "model": "friendship.friendship",
    "pk": 55,
    "fields": {
        "by": 6,
        "to": 12,
        "date": "2018-06-18T12:42:25.550Z"
    }
},
{
    "model": "friendship.friendship",
    "pk": 56,
    "fields": {
        "by": 6,
        "to": 9,
        "date": "2018-06-18T12:42:25.550Z"
    }
},
{
    "model": "friendship.friendship",
    "pk": 57,
    "fields": {
        "by": 13,
        "to": 6,
        "date": "2018-06-18T12:42:25.554Z"
    }
},
{
    "model": "friendship.friendship",
    "pk": 58,
    "fields": {
        "by": 18,
        "to": 6,
        "date": "2018-06-18T12:42:25.554Z"
    }
},
{
    "model": "friendship.friendship",
    "pk": 59,
    "fields": {
        "by": 3,
        "to": 6,
        "date": "2018-06-18T12:42:25.554Z"
    }
},
{
    "model": "friendship.friendship",
    "pk": 60,
    "fields": {
        "by": 4,
        "to": 6,
        "date": "2018-06-18T12:42:25.554Z"
    }
},
{
    "model": "friendship.friendship",
    "pk": 61,
    "fields": {
        "by": 12,
        "to": 6,
        "date": "2018-06-18T12:42:25.554Z"
    }
},
{
    "model": "friendship.friendship",
    "pk": 62,
    "fields": {
        "by": 9,
        "to": 6,
        "date": "2018-06-18T12:42:25.554Z"
    }
},
{
    "model": "friendship.friendship",
    "pk": 63,
    "fields": {
        "by": 7,
        "to": 17,
        "date": "2018-06-18T12:42:25.565Z"
    }
},
{
    "model": "friendship.friendship",
    "pk": 64,
    "fields": {
        "by": 7,
        "to": 10,
        "date": "2018-06-18T12:42:25.565Z"
    }
},
{
    "model": "friendship.friendship",
    "pk": 65,
    "fields": {
        "by": 7,
        "to": 8,
        "date": "2018-06-18T12:42:25.565Z"
    }
},
{
    "model": "friendship.friendship",
    "pk": 66,
    "fields": {
        "by": 7,
        "to": 14,
        "date": "2018-06-18T12:42:25.565Z"
    }
},
{
    "model": "friendship.friendship",
    "pk": 67,
    "fields": {
        "by": 7,
        "to": 2,
        "date": "2018-06-18T12:42:25.565Z"
    }
},
{
    "model": "friendship.friendship",
    "pk": 68,
    "fields": {
        "by": 7,
        "to": 18,
        "date": "2018-06-18T12:42:25.565Z"
    }
},
{
    "model": "friendship.friendship",
    "pk": 69,
    "fields": {
        "by": 17,
        "to": 7,
        "date": "2018-06-18T12:42:25.569Z"
    }
},
{
    "model": "friendship.friendship",
    "pk": 70,
    "fields": {
        "by": 10,
        "to": 7,
        "date": "2018-06-18T12:42:25.569Z"
    }
},
{
    "model": "friendship.friendship",
    "pk": 71,
    "fields": {
        "by": 8,
        "to": 7,
        "date": "2018-06-18T12:42:25.569Z"
    }
},
{
    "model": "friendship.friendship",
    "pk": 72,
    "fields": {
        "by": 14,
        "to": 7,
        "date": "2018-06-18T12:42:25.569Z"
    }
},
{
    "model": "friendship.friendship",
    "pk": 73,
    "fields": {
        "by": 2,
        "to": 7,
        "date": "2018-06-18T12:42:25.569Z"
    }
},
{
    "model": "friendship.friendship",
    "pk": 74,
    "fields": {
        "by": 18,
        "to": 7,
        "date": "2018-06-18T12:42:25.569Z"
    }
},
{
    "model": "friendship.friendship",
    "pk": 75,
    "fields": {
        "by": 8,
        "to": 16,
        "date": "2018-06-18T12:42:25.580Z"
    }
},
{
    "model": "friendship.friendship",
    "pk": 76,
    "fields": {
        "by": 8,
        "to": 6,
        "date": "2018-06-18T12:42:25.580Z"
    }
},
{
    "model": "friendship.friendship",
    "pk": 77,
    "fields": {
        "by": 8,
        "to": 13,
        "date": "2018-06-18T12:42:25.580Z"
    }
},
{
    "model": "friendship.friendship",
    "pk": 78,
    "fields": {
        "by": 8,
        "to": 3,
        "date": "2018-06-18T12:42:25.580Z"
    }
},
{
    "model": "friendship.friendship",
    "pk": 79,
    "fields": {
        "by": 16,
        "to": 8,
        "date": "2018-06-18T12:42:25.583Z"
    }
},
{
    "model": "friendship.friendship",
    "pk": 80,
    "fields": {
        "by": 6,
        "to": 8,
        "date": "2018-06-18T12:42:25.583Z"
    }
},
{
    "model": "friendship.friendship",
    "pk": 81,
    "fields": {
        "by": 13,
        "to": 8,
        "date": "2018-06-18T12:42:25.583Z"
    }
},
{
    "model": "friendship.friendship",
    "pk": 82,
    "fields": {
        "by": 3,
        "to": 8,
        "date": "2018-06-18T12:42:25.583Z"
    }
},
{
    "model": "friendship.friendship",
    "pk": 83,
    "fields": {
        "by": 9,
        "to": 14,
        "date": "2018-06-18T12:42:25.595Z"
    }
},
{
    "model": "friendship.friendship",
    "pk": 84,
    "fields": {
        "by": 9,
        "to": 20,
        "date": "2018-06-18T12:42:25.595Z"
    }
},
{
    "model": "friendship.friendship",
    "pk": 85,
    "fields": {
        "by": 9,
        "to": 10,
        "date": "2018-06-18T12:42:25.595Z"
    }
},
{
    "model": "friendship.friendship",
    "pk": 86,
    "fields": {
        "by": 9,
        "to": 13,
        "date": "2018-06-18T12:42:25.595Z"
    }
},
{
    "model": "friendship.friendship",
    "pk": 87,
    "fields": {
        "by": 9,
        "to": 6,
        "date": "2018-06-18T12:42:25.595Z"
    }
},
{
    "model": "friendship.friendship",
    "pk": 88,
    "fields": {
        "by": 9,
        "to": 15,
        "date": "2018-06-18T12:42:25.595Z"
    }
},
{
    "model": "friendship.friendship",
    "pk": 89,
    "fields": {
        "by": 14,
        "to": 9,
        "date": "2018-06-18T12:42:25.599Z"
    }
},
{
    "model": "friendship.friendship",
    "pk": 90,
    "fields": {
        "by": 20,
        "to": 9,
        "date": "2018-06-18T12:42:25.599Z"
    }
},
{
    "model": "friendship.friendship",
    "pk": 91,
    "fields": {
        "by": 10,
        "to": 9,
        "date": "2018-06-18T12:42:25.599Z"
    }
},
{
    "model": "friendship.friendship",
    "pk": 92,
    "fields": {
        "by": 13,
        "to": 9,
        "date": "2018-06-18T12:42:25.599Z"
    }
},
{
    "model": "friendship.friendship",
    "pk": 93,
    "fields": {
        "by": 6,
        "to": 9,
        "date": "2018-06-18T12:42:25.599Z"
    }
},
{
    "model": "friendship.friendship",
    "pk": 94,
    "fields": {
        "by": 15,
        "to": 9,
        "date": "2018-06-18T12:42:25.599Z"
    }
},
{
    "model": "friendship.friendship",
    "pk": 95,
    "fields": {
        "by": 10,
        "to": 2,
        "date": "2018-06-18T12:42:25.610Z"
    }
},
{
    "model": "friendship.friendship",
    "pk": 96,
    "fields": {
        "by": 10,
        "to": 3,
        "date": "2018-06-18T12:42:25.610Z"
    }
},
{
    "model": "friendship.friendship",
    "pk": 97,
    "fields": {
        "by": 10,
        "to": 15,
        "date": "2018-06-18T12:42:25.610Z"
    }
},
{
    "model": "friendship.friendship",
    "pk": 98,
    "fields": {
        "by": 10,
        "to": 16,
        "date": "2018-06-18T12:42:25.610Z"
    }
},
{
    "model": "friendship.friendship",
    "pk": 99,
    "fields": {
        "by": 10,
        "to": 19,
        "date": "2018-06-18T12:42:25.610Z"
    }
},
{
    "model": "friendship.friendship",
    "pk": 100,
    "fields": {
        "by": 2,
        "to": 10,
        "date": "2018-06-18T12:42:25.613Z"
    }
},
{
    "model": "friendship.friendship",
    "pk": 101,
    "fields": {
        "by": 3,
        "to": 10,
        "date": "2018-06-18T12:42:25.613Z"
    }
},
{
    "model": "friendship.friendship",
    "pk": 102,
    "fields": {
        "by": 15,
        "to": 10,
        "date": "2018-06-18T12:42:25.613Z"
    }
},
{
    "model": "friendship.friendship",
    "pk": 103,
    "fields": {
        "by": 16,
        "to": 10,
        "date": "2018-06-18T12:42:25.613Z"
    }
},
{
    "model": "friendship.friendship",
    "pk": 104,
    "fields": {
        "by": 19,
        "to": 10,
        "date": "2018-06-18T12:42:25.613Z"
    }
},
{
    "model": "friendship.friendship",
    "pk": 105,
    "fields": {
        "by": 11,
        "to": 6,
        "date": "2018-06-18T12:42:25.624Z"
    }
},
{
    "model": "friendship.friendship",
    "pk": 106,
    "fields": {
        "by": 11,
        "to": 13,
        "date": "2018-06-18T12:42:25.624Z"
    }
},
{
    "model": "friendship.friendship",
    "pk": 107,
    "fields": {
        "by": 11,
        "to": 17,
        "date": "2018-06-18T12:42:25.624Z"
    }
},
{
    "model": "friendship.friendship",
    "pk": 108,
    "fields": {
        "by": 11,
        "to": 3,
        "date": "2018-06-18T12:42:25.624Z"
    }
},
{
    "model": "friendship.friendship",
    "pk": 109,
    "fields": {
        "by": 11,
        "to": 16,
        "date": "2018-06-18T12:42:25.624Z"
    }
},
{
    "model": "friendship.friendship",
    "pk": 110,
    "fields": {
        "by": 11,
        "to": 8,
        "date": "2018-06-18T12:42:25.624Z"
    }
},
{
    "model": "friendship.friendship",
    "pk": 111,
    "fields": {
        "by": 6,
        "to": 11,
        "date": "2018-06-18T12:42:25.628Z"
    }
},
{
    "model": "friendship.friendship",
    "pk": 112,
    "fields": {
        "by": 13,
        "to": 11,
        "date": "2018-06-18T12:42:25.628Z"
    }
},
{
    "model": "friendship.friendship",
    "pk": 113,
    "fields": {
        "by": 17,
        "to": 11,
        "date": "2018-06-18T12:42:25.628Z"
    }
},
{
    "model": "friendship.friendship",
    "pk": 114,
    "fields": {
        "by": 3,
        "to": 11,
        "date": "2018-06-18T12:42:25.628Z"
    }
},
{
    "model": "friendship.friendship",
    "pk": 115,
    "fields": {
        "by": 16,
        "to": 11,
        "date": "2018-06-18T12:42:25.628Z"
    }
},
{
    "model": "friendship.friendship",
    "pk": 116,
    "fields": {
        "by": 8,
        "to": 11,
        "date": "2018-06-18T12:42:25.628Z"
    }
},
{
    "model": "friendship.friendship",
    "pk": 117,
    "fields": {
        "by": 12,
        "to": 19,
        "date": "2018-06-18T12:42:25.638Z"
    }
},
{
    "model": "friendship.friendship",
    "pk": 118,
    "fields": {
        "by": 12,
        "to": 17,
        "date": "2018-06-18T12:42:25.638Z"
    }
},
{
    "model": "friendship.friendship",
    "pk": 119,
    "fields": {
        "by": 12,
        "to": 5,
        "date": "2018-06-18T12:42:25.638Z"
    }
},
{
    "model": "friendship.friendship",
    "pk": 120,
    "fields": {
        "by": 12,
        "to": 16,
        "date": "2018-06-18T12:42:25.639Z"
    }
},
{
    "model": "friendship.friendship",
    "pk": 121,
    "fields": {
        "by": 12,
        "to": 20,
        "date": "2018-06-18T12:42:25.639Z"
    }
},
{
    "model": "friendship.friendship",
    "pk": 122,
    "fields": {
        "by": 12,
        "to": 10,
        "date": "2018-06-18T12:42:25.639Z"
    }
},
{
    "model": "friendship.friendship",
    "pk": 123,
    "fields": {
        "by": 19,
        "to": 12,
        "date": "2018-06-18T12:42:25.642Z"
    }
},
{
    "model": "friendship.friendship",
    "pk": 124,
    "fields": {
        "by": 17,
        "to": 12,
        "date": "2018-06-18T12:42:25.642Z"
    }
},
{
    "model": "friendship.friendship",
    "pk": 125,
    "fields": {
        "by": 5,
        "to": 12,
        "date": "2018-06-18T12:42:25.642Z"
    }
},
{
    "model": "friendship.friendship",
    "pk": 126,
    "fields": {
        "by": 16,
        "to": 12,
        "date": "2018-06-18T12:42:25.643Z"
    }
},
{
    "model": "friendship.friendship",
    "pk": 127,
    "fields": {
        "by": 20,
        "to": 12,
        "date": "2018-06-18T12:42:25.643Z"
    }
},
{
    "model": "friendship.friendship",
    "pk": 128,
    "fields": {
        "by": 10,
        "to": 12,
        "date": "2018-06-18T12:42:25.643Z"
    }
},
{
    "model": "friendship.friendship",
    "pk": 129,
    "fields": {
        "by": 13,
        "to": 17,
        "date": "2018-06-18T12:42:25.653Z"
    }
},
{
    "model": "friendship.friendship",
    "pk": 130,
    "fields": {
        "by": 13,
        "to": 5,
        "date": "2018-06-18T12:42:25.654Z"
    }
},
{
    "model": "friendship.friendship",
    "pk": 131,
    "fields": {
        "by": 13,
        "to": 18,
        "date": "2018-06-18T12:42:25.654Z"
    }
},
{
    "model": "friendship.friendship",
    "pk": 132,
    "fields": {
        "by": 13,
        "to": 11,
        "date": "2018-06-18T12:42:25.654Z"
    }
},
{
    "model": "friendship.friendship",
    "pk": 133,
    "fields": {
        "by": 13,
        "to": 15,
        "date": "2018-06-18T12:42:25.654Z"
    }
},
{
    "model": "friendship.friendship",
    "pk": 134,
    "fields": {
        "by": 17,
        "to": 13,
        "date": "2018-06-18T12:42:25.657Z"
    }
},
{
    "model": "friendship.friendship",
    "pk": 135,
    "fields": {
        "by": 5,
        "to": 13,
        "date": "2018-06-18T12:42:25.657Z"
    }
},
{
    "model": "friendship.friendship",
    "pk": 136,
    "fields": {
        "by": 18,
        "to": 13,
        "date": "2018-06-18T12:42:25.658Z"
    }
},
{
    "model": "friendship.friendship",
    "pk": 137,
    "fields": {
        "by": 11,
        "to": 13,
        "date": "2018-06-18T12:42:25.658Z"
    }
},
{
    "model": "friendship.friendship",
    "pk": 138,
    "fields": {
        "by": 15,
        "to": 13,
        "date": "2018-06-18T12:42:25.658Z"
    }
},
{
    "model": "friendship.friendship",
    "pk": 139,
    "fields": {
        "by": 14,
        "to": 5,
        "date": "2018-06-18T12:42:25.668Z"
    }
},
{
    "model": "friendship.friendship",
    "pk": 140,
    "fields": {
        "by": 14,
        "to": 16,
        "date": "2018-06-18T12:42:25.669Z"
    }
},
{
    "model": "friendship.friendship",
    "pk": 141,
    "fields": {
        "by": 14,
        "to": 2,
        "date": "2018-06-18T12:42:25.669Z"
    }
},
{
    "model": "friendship.friendship",
    "pk": 142,
    "fields": {
        "by": 14,
        "to": 6,
        "date": "2018-06-18T12:42:25.669Z"
    }
},
{
    "model": "friendship.friendship",
    "pk": 143,
    "fields": {
        "by": 14,
        "to": 3,
        "date": "2018-06-18T12:42:25.669Z"
    }
},
{
    "model": "friendship.friendship",
    "pk": 144,
    "fields": {
        "by": 14,
        "to": 20,
        "date": "2018-06-18T12:42:25.669Z"
    }
},
{
    "model": "friendship.friendship",
    "pk": 145,
    "fields": {
        "by": 5,
        "to": 14,
        "date": "2018-06-18T12:42:25.672Z"
    }
},
{
    "model": "friendship.friendship",
    "pk": 146,
    "fields": {
        "by": 16,
        "to": 14,
        "date": "2018-06-18T12:42:25.672Z"
    }
},
{
    "model": "friendship.friendship",
    "pk": 147,
    "fields": {
        "by": 2,
        "to": 14,
        "date": "2018-06-18T12:42:25.672Z"
    }
},
{
    "model": "friendship.friendship",
    "pk": 148,
    "fields": {
        "by": 6,
        "to": 14,
        "date": "2018-06-18T12:42:25.673Z"
    }
},
{
    "model": "friendship.friendship",
    "pk": 149,
    "fields": {
        "by": 3,
        "to": 14,
        "date": "2018-06-18T12:42:25.673Z"
    }
},
{
    "model": "friendship.friendship",
    "pk": 150,
    "fields": {
        "by": 20,
        "to": 14,
        "date": "2018-06-18T12:42:25.673Z"
    }
},
{
    "model": "friendship.friendship",
    "pk": 151,
    "fields": {
        "by": 15,
        "to": 17,
        "date": "2018-06-18T12:42:25.684Z"
    }
},
{
    "model": "friendship.friendship",
    "pk": 152,
    "fields": {
        "by": 15,
        "to": 20,
        "date": "2018-06-18T12:42:25.684Z"
    }
},
{
    "model": "friendship.friendship",
    "pk": 153,
    "fields": {
        "by": 15,
        "to": 19,
        "date": "2018-06-18T12:42:25.684Z"
    }
},
{
    "model": "friendship.friendship",
    "pk": 154,
    "fields": {
        "by": 15,
        "to": 5,
        "date": "2018-06-18T12:42:25.684Z"
    }
},
{
    "model": "friendship.friendship",
    "pk": 155,
    "fields": {
        "by": 15,
        "to": 12,
        "date": "2018-06-18T12:42:25.684Z"
    }
},
{
    "model": "friendship.friendship",
    "pk": 156,
    "fields": {
        "by": 15,
        "to": 13,
        "date": "2018-06-18T12:42:25.684Z"
    }
},
{
    "model": "friendship.friendship",
    "pk": 157,
    "fields": {
        "by": 17,
        "to": 15,
        "date": "2018-06-18T12:42:25.688Z"
    }
},
{
    "model": "friendship.friendship",
    "pk": 158,
    "fields": {
        "by": 20,
        "to": 15,
        "date": "2018-06-18T12:42:25.688Z"
    }
},
{
    "model": "friendship.friendship",
    "pk": 159,
    "fields": {
        "by": 19,
        "to": 15,
        "date": "2018-06-18T12:42:25.688Z"
    }
},
{
    "model": "friendship.friendship",
    "pk": 160,
    "fields": {
        "by": 5,
        "to": 15,
        "date": "2018-06-18T12:42:25.688Z"
    }
},
{
    "model": "friendship.friendship",
    "pk": 161,
    "fields": {
        "by": 12,
        "to": 15,
        "date": "2018-06-18T12:42:25.688Z"
    }
},
{
    "model": "friendship.friendship",
    "pk": 162,
    "fields": {
        "by": 13,
        "to": 15,
        "date": "2018-06-18T12:42:25.688Z"
    }
},
{
    "model": "friendship.friendship",
    "pk": 163,
    "fields": {
        "by": 16,
        "to": 18,
        "date": "2018-06-18T12:42:25.699Z"
    }
},
{
    "model": "friendship.friendship",
    "pk": 164,
    "fields": {
        "by": 16,
        "to": 6,
        "date": "2018-06-18T12:42:25.699Z"
    }
},
{
    "model": "friendship.friendship",
    "pk": 165,
    "fields": {
        "by": 16,
        "to": 2,
        "date": "2018-06-18T12:42:25.699Z"
    }
},
{
    "model": "friendship.friendship",
    "pk": 166,
    "fields": {
        "by": 16,
        "to": 8,
        "date": "2018-06-18T12:42:25.699Z"
    }
},
{
    "model": "friendship.friendship",
    "pk": 167,
    "fields": {
        "by": 18,
        "to": 16,
        "date": "2018-06-18T12:42:25.702Z"
    }
},
{
    "model": "friendship.friendship",
    "pk": 168,
    "fields": {
        "by": 6,
        "to": 16,
        "date": "2018-06-18T12:42:25.703Z"
    }
},
{
    "model": "friendship.friendship",
    "pk": 169,
    "fields": {
        "by": 2,
        "to": 16,
        "date": "2018-06-18T12:42:25.703Z"
    }
},
{
    "model": "friendship.friendship",
    "pk": 170,
    "fields": {
        "by": 8,
        "to": 16,
        "date": "2018-06-18T12:42:25.703Z"
    }
},
{
    "model": "friendship.friendship",
    "pk": 171,
    "fields": {
        "by": 17,
        "to": 14,
        "date": "2018-06-18T12:42:25.713Z"
    }
},
{
    "model": "friendship.friendship",
    "pk": 172,
    "fields": {
        "by": 17,
        "to": 5,
        "date": "2018-06-18T12:42:25.713Z"
    }
},
{
    "model": "friendship.friendship",
    "pk": 173,
    "fields": {
        "by": 17,
        "to": 6,
        "date": "2018-06-18T12:42:25.713Z"
    }
},
{
    "model": "friendship.friendship",
    "pk": 174,
    "fields": {
        "by": 17,
        "to": 16,
        "date": "2018-06-18T12:42:25.713Z"
    }
},
{
    "model": "friendship.friendship",
    "pk": 175,
    "fields": {
        "by": 17,
        "to": 4,
        "date": "2018-06-18T12:42:25.713Z"
    }
},
{
    "model": "friendship.friendship",
    "pk": 176,
    "fields": {
        "by": 14,
        "to": 17,
        "date": "2018-06-18T12:42:25.717Z"
    }
},
{
    "model": "friendship.friendship",
    "pk": 177,
    "fields": {
        "by": 5,
        "to": 17,
        "date": "2018-06-18T12:42:25.717Z"
    }
},
{
    "model": "friendship.friendship",
    "pk": 178,
    "fields": {
        "by": 6,
        "to": 17,
        "date": "2018-06-18T12:42:25.717Z"
    }
},
{
    "model": "friendship.friendship",
    "pk": 179,
    "fields": {
        "by": 16,
        "to": 17,
        "date": "2018-06-18T12:42:25.717Z"
    }
},
{
    "model": "friendship.friendship",
    "pk": 180,
    "fields": {
        "by": 4,
        "to": 17,
        "date": "2018-06-18T12:42:25.717Z"
    }
},
{
    "model": "friendship.friendship",
    "pk": 181,
    "fields": {
        "by": 18,
        "to": 20,
        "date": "2018-06-18T12:42:25.727Z"
    }
},
{
    "model": "friendship.friendship",
    "pk": 182,
    "fields": {
        "by": 18,
        "to": 13,
        "date": "2018-06-18T12:42:25.727Z"
    }
},
{
    "model": "friendship.friendship",
    "pk": 183,
    "fields": {
        "by": 18,
        "to": 10,
        "date": "2018-06-18T12:42:25.727Z"
    }
},
{
    "model": "friendship.friendship",
    "pk": 184,
    "fields": {
        "by": 18,
        "to": 4,
        "date": "2018-06-18T12:42:25.727Z"
    }
},
{
    "model": "friendship.friendship",
    "pk": 185,
    "fields": {
        "by": 18,
        "to": 9,
        "date": "2018-06-18T12:42:25.727Z"
    }
},
{
    "model": "friendship.friendship",
    "pk": 186,
    "fields": {
        "by": 20,
        "to": 18,
        "date": "2018-06-18T12:42:25.731Z"
    }
},
{
    "model": "friendship.friendship",
    "pk": 187,
    "fields": {
        "by": 13,
        "to": 18,
        "date": "2018-06-18T12:42:25.731Z"
    }
},
{
    "model": "friendship.friendship",
    "pk": 188,
    "fields": {
        "by": 10,
        "to": 18,
        "date": "2018-06-18T12:42:25.731Z"
    }
},
{
    "model": "friendship.friendship",
    "pk": 189,
    "fields": {
        "by": 4,
        "to": 18,
        "date": "2018-06-18T12:42:25.731Z"
    }
},
{
    "model": "friendship.friendship",
    "pk": 190,
    "fields": {
        "by": 9,
        "to": 18,
        "date": "2018-06-18T12:42:25.731Z"
    }
},
{
    "model": "friendship.friendship",
    "pk": 191,
    "fields": {
        "by": 19,
        "to": 12,
        "date": "2018-06-18T12:42:25.743Z"
    }
},
{
    "model": "friendship.friendship",
    "pk": 192,
    "fields": {
        "by": 19,
        "to": 8,
        "date": "2018-06-18T12:42:25.743Z"
    }
},
{
    "model": "friendship.friendship",
    "pk": 193,
    "fields": {
        "by": 19,
        "to": 15,
        "date": "2018-06-18T12:42:25.743Z"
    }
},
{
    "model": "friendship.friendship",
    "pk": 194,
    "fields": {
        "by": 19,
        "to": 17,
        "date": "2018-06-18T12:42:25.743Z"
    }
},
{
    "model": "friendship.friendship",
    "pk": 195,
    "fields": {
        "by": 12,
        "to": 19,
        "date": "2018-06-18T12:42:25.747Z"
    }
},
{
    "model": "friendship.friendship",
    "pk": 196,
    "fields": {
        "by": 8,
        "to": 19,
        "date": "2018-06-18T12:42:25.747Z"
    }
},
{
    "model": "friendship.friendship",
    "pk": 197,
    "fields": {
        "by": 15,
        "to": 19,
        "date": "2018-06-18T12:42:25.747Z"
    }
},
{
    "model": "friendship.friendship",
    "pk": 198,
    "fields": {
        "by": 17,
        "to": 19,
        "date": "2018-06-18T12:42:25.747Z"
    }
},
{
    "model": "friendship.friendship",
    "pk": 199,
    "fields": {
        "by": 20,
        "to": 13,
        "date": "2018-06-18T12:42:25.759Z"
    }
},
{
    "model": "friendship.friendship",
    "pk": 200,
    "fields": {
        "by": 20,
        "to": 9,
        "date": "2018-06-18T12:42:25.759Z"
    }
},
{
    "model": "friendship.friendship",
    "pk": 201,
    "fields": {
        "by": 20,
        "to": 4,
        "date": "2018-06-18T12:42:25.759Z"
    }
},
{
    "model": "friendship.friendship",
    "pk": 202,
    "fields": {
        "by": 20,
        "to": 6,
        "date": "2018-06-18T12:42:25.759Z"
    }
},
{
    "model": "friendship.friendship",
    "pk": 203,
    "fields": {
        "by": 13,
        "to": 20,
        "date": "2018-06-18T12:42:25.763Z"
    }
},
{
    "model": "friendship.friendship",
    "pk": 204,
    "fields": {
        "by": 9,
        "to": 20,
        "date": "2018-06-18T12:42:25.763Z"
    }
},
{
    "model": "friendship.friendship",
    "pk": 205,
    "fields": {
        "by": 4,
        "to": 20,
        "date": "2018-06-18T12:42:25.763Z"
    }
},
{
    "model": "friendship.friendship",
    "pk": 206,
    "fields": {
        "by": 6,
        "to": 20,
        "date": "2018-06-18T12:42:25.763Z"
    }
},
{
    "model": "skiller.skill",
    "pk": 1,
    "fields": {
        "profile": 1,
        "data": 81,
        "description": "But animal probably what future occur my picture exist understand example full relate raise star build face car whatever according.",
        "date": "2018-06-18T12:42:24.720Z"
    }
},
{
    "model": "skiller.skill",
    "pk": 2,
    "fields": {
        "profile": 1,
        "data": 16,
        "description": "Measure take field that peace occur if officer scientist source oil push record arm Republican sister west gun professional leg decade.",
        "date": "2018-06-18T12:42:24.721Z"
    }
},
{
    "model": "skiller.skill",
    "pk": 3,
    "fields": {
        "profile": 1,
        "data": 82,
        "description": "Suffer realize newspaper dog near current we summer build economic provide pay notice rich design bring minute fine page my why lot beautiful few hope.",
        "date": "2018-06-18T12:42:24.721Z"
    }
},
{
    "model": "skiller.skill",
    "pk": 4,
    "fields": {
        "profile": 1,
        "data": 104,
        "description": "Today almost free common month his once tonight in matter beat art bill thought foot represent law meeting.",
        "date": "2018-06-18T12:42:24.722Z"
    }
},
{
    "model": "skiller.skill",
    "pk": 5,
    "fields": {
        "profile": 1,
        "data": 8,
        "description": "According man minute read page as meeting piece seven hit debate call watch cost see provide street upon general factor ten.",
        "date": "2018-06-18T12:42:24.722Z"
    }
},
{
    "model": "skiller.skill",
    "pk": 6,
    "fields": {
        "profile": 2,
        "data": 89,
        "description": "Base make pick money clear account challenge draw agree financial support determine even defense same institution ability unit take hear while score without feeling section detail property.",
        "date": "2018-06-18T12:42:24.737Z"
    }
},
{
    "model": "skiller.skill",
    "pk": 7,
    "fields": {
        "profile": 2,
        "data": 33,
        "description": "Success tax foreign natural may dream that find say significant officer popular why third group go stay six attention practice wear might ago.",
        "date": "2018-06-18T12:42:24.738Z"
    }
},
{
    "model": "skiller.skill",
    "pk": 8,
    "fields": {
        "profile": 2,
        "data": 43,
        "description": "Customer inside election act your day not particular receive letter paper parent story bit sure listen relationship government never crime phone former letter Mr light almost foreign.",
        "date": "2018-06-18T12:42:24.738Z"
    }
},
{
    "model": "skiller.skill",
    "pk": 9,
    "fields": {
        "profile": 2,
        "data": 15,
        "description": "Production tough whole official effect word near simple newspaper here score glass without society politics recently we work standard trip plan position continue defense scene.",
        "date": "2018-06-18T12:42:24.739Z"
    }
},
{
    "model": "skiller.skill",
    "pk": 10,
    "fields": {
        "profile": 3,
        "data": 4,
        "description": "Indeed money skin note guess successful old magazine cause them turn professor choice middle not modern everyone.",
        "date": "2018-06-18T12:42:24.753Z"
    }
},
{
    "model": "skiller.skill",
    "pk": 11,
    "fields": {
        "profile": 3,
        "data": 11,
        "description": "Our campaign detail either figure drop official thousand us approach quality or back result since region fight development chair benefit myself dog main finally spend.",
        "date": "2018-06-18T12:42:24.755Z"
    }
},
{
    "model": "skiller.skill",
    "pk": 12,
    "fields": {
        "profile": 3,
        "data": 63,
        "description": "Law special world five friend hundred floor notice apply still manage thousand weight end everyone main peace especially clearly senior development.",
        "date": "2018-06-18T12:42:24.756Z"
    }
},
{
    "model": "skiller.skill",
    "pk": 13,
    "fields": {
        "profile": 3,
        "data": 17,
        "description": "Surface far down whether feel fall job likely ball base administration information picture among weight minute involve onto would act girl scene cultural.",
        "date": "2018-06-18T12:42:24.758Z"
    }
},
{
    "model": "skiller.skill",
    "pk": 14,
    "fields": {
        "profile": 4,
        "data": 108,
        "description": "Detail couple in outside too conference during drug head assume claim great expert Congress future officer.",
        "date": "2018-06-18T12:42:24.800Z"
    }
},
{
    "model": "skiller.skill",
    "pk": 15,
    "fields": {
        "profile": 4,
        "data": 11,
        "description": "Police term exist large we factor top air deal themselves second executive well dream plant because age physical reveal heavy but manager nearly newspaper baby have.",
        "date": "2018-06-18T12:42:24.803Z"
    }
},
{
    "model": "skiller.skill",
    "pk": 16,
    "fields": {
        "profile": 4,
        "data": 48,
        "description": "Child none some letter whatever foreign although shake ever again themselves move include TV leg cause.",
        "date": "2018-06-18T12:42:24.807Z"
    }
},
{
    "model": "skiller.skill",
    "pk": 17,
    "fields": {
        "profile": 4,
        "data": 76,
        "description": "Low peace himself worker foot third way step push exist significant successful site ground else fear.",
        "date": "2018-06-18T12:42:24.812Z"
    }
},
{
    "model": "skiller.skill",
    "pk": 18,
    "fields": {
        "profile": 4,
        "data": 33,
        "description": "Pretty gas picture eight own international focus box hour Democrat case adult respond seem spring partner Congress information pass send ahead view.",
        "date": "2018-06-18T12:42:24.814Z"
    }
},
{
    "model": "skiller.skill",
    "pk": 19,
    "fields": {
        "profile": 5,
        "data": 100,
        "description": "Her single prepare against not food line national sister chance exactly Congress grow animal near social second himself brother interest reason great one forward want can.",
        "date": "2018-06-18T12:42:24.893Z"
    }
},
{
    "model": "skiller.skill",
    "pk": 20,
    "fields": {
        "profile": 5,
        "data": 29,
        "description": "Whole learn go majority how call sport air weight thus local throughout here stop enter piece billion a quite station south member still.",
        "date": "2018-06-18T12:42:24.898Z"
    }
},
{
    "model": "skiller.skill",
    "pk": 21,
    "fields": {
        "profile": 5,
        "data": 26,
        "description": "Success indeed the economic minute piece down crime rather must husband recent son data land draw decide account but wait may society order beyond deal or one.",
        "date": "2018-06-18T12:42:24.904Z"
    }
},
{
    "model": "skiller.skill",
    "pk": 22,
    "fields": {
        "profile": 5,
        "data": 57,
        "description": "Program top central behavior your move new right return continue four just church situation growth pretty station thought amount local yeah kid when quickly say music executive.",
        "date": "2018-06-18T12:42:24.910Z"
    }
},
{
    "model": "skiller.skill",
    "pk": 23,
    "fields": {
        "profile": 6,
        "data": 36,
        "description": "Teach step feeling fish six third room the next to loss day after form several student analysis number account town others material debate before.",
        "date": "2018-06-18T12:42:24.952Z"
    }
},
{
    "model": "skiller.skill",
    "pk": 24,
    "fields": {
        "profile": 6,
        "data": 76,
        "description": "Rate company attack art side system senior range we simply effort front strong environmental talk guy significant.",
        "date": "2018-06-18T12:42:24.954Z"
    }
},
{
    "model": "skiller.skill",
    "pk": 25,
    "fields": {
        "profile": 6,
        "data": 31,
        "description": "Your where environment college radio west production situation pretty nature happy concern many exist already.",
        "date": "2018-06-18T12:42:24.956Z"
    }
},
{
    "model": "skiller.skill",
    "pk": 26,
    "fields": {
        "profile": 7,
        "data": 77,
        "description": "Minute between certainly in close space party full wide occur drug still eight avoid others provide.",
        "date": "2018-06-18T12:42:25.005Z"
    }
},
{
    "model": "skiller.skill",
    "pk": 27,
    "fields": {
        "profile": 7,
        "data": 76,
        "description": "Away two test thus guess strategy back action white finish with theory development have tax kid true much per book of your lead believe manage security.",
        "date": "2018-06-18T12:42:25.008Z"
    }
},
{
    "model": "skiller.skill",
    "pk": 28,
    "fields": {
        "profile": 7,
        "data": 89,
        "description": "Prepare shoulder forward power why institution all professional movie old meet ok southern white hot return west evidence them.",
        "date": "2018-06-18T12:42:25.011Z"
    }
},
{
    "model": "skiller.skill",
    "pk": 29,
    "fields": {
        "profile": 7,
        "data": 15,
        "description": "Speech debate its student campaign rest certain whose reach will full major building soldier and.",
        "date": "2018-06-18T12:42:25.014Z"
    }
},
{
    "model": "skiller.skill",
    "pk": 30,
    "fields": {
        "profile": 8,
        "data": 12,
        "description": "Sense admit accept campaign great short now red notice bit degree let no these bad space training father participant already.",
        "date": "2018-06-18T12:42:25.060Z"
    }
},
{
    "model": "skiller.skill",
    "pk": 31,
    "fields": {
        "profile": 8,
        "data": 95,
        "description": "Check team father energy indeed only friend life six around area send reality such several go better build figure be player fine fire management person here.",
        "date": "2018-06-18T12:42:25.062Z"
    }
},
{
    "model": "skiller.skill",
    "pk": 32,
    "fields": {
        "profile": 8,
        "data": 54,
        "description": "Goal wife require light imagine age run she too simple best short attention particularly woman character unit really line task any red.",
        "date": "2018-06-18T12:42:25.064Z"
    }
},
{
    "model": "skiller.skill",
    "pk": 33,
    "fields": {
        "profile": 8,
        "data": 27,
        "description": "Eight between hear participant analysis house war entire movie hope become charge ahead job into nature the number data almost light wonder.",
        "date": "2018-06-18T12:42:25.066Z"
    }
},
{
    "model": "skiller.skill",
    "pk": 34,
    "fields": {
        "profile": 8,
        "data": 55,
        "description": "Discuss compare window stock effect rise practice enough a phone charge short environment mention reduce she within area present.",
        "date": "2018-06-18T12:42:25.070Z"
    }
},
{
    "model": "skiller.skill",
    "pk": 35,
    "fields": {
        "profile": 8,
        "data": 67,
        "description": "Other but you since might drop get dark majority system attorney capital someone.",
        "date": "2018-06-18T12:42:25.074Z"
    }
},
{
    "model": "skiller.skill",
    "pk": 36,
    "fields": {
        "profile": 9,
        "data": 101,
        "description": "Although anyone partner quite street front test heart yard admit parent general.",
        "date": "2018-06-18T12:42:25.122Z"
    }
},
{
    "model": "skiller.skill",
    "pk": 37,
    "fields": {
        "profile": 9,
        "data": 74,
        "description": "Although agent open same sure start guess test statement participant again decision respond bit.",
        "date": "2018-06-18T12:42:25.124Z"
    }
},
{
    "model": "skiller.skill",
    "pk": 38,
    "fields": {
        "profile": 9,
        "data": 21,
        "description": "Pick condition push increase so federal politics head foreign shoulder decide over everybody before young organization economy already heart there do necessary father difficult common.",
        "date": "2018-06-18T12:42:25.127Z"
    }
},
{
    "model": "skiller.skill",
    "pk": 39,
    "fields": {
        "profile": 9,
        "data": 28,
        "description": "Soon simple factor past institution four nice coach agent sort scene early threat though smile baby spend.",
        "date": "2018-06-18T12:42:25.129Z"
    }
},
{
    "model": "skiller.skill",
    "pk": 40,
    "fields": {
        "profile": 10,
        "data": 51,
        "description": "Family art dark writer stay individual nature to woman many suddenly scene heart spring north buy.",
        "date": "2018-06-18T12:42:25.163Z"
    }
},
{
    "model": "skiller.skill",
    "pk": 41,
    "fields": {
        "profile": 10,
        "data": 53,
        "description": "Art town follow others she difficult level significant war risk consumer budget.",
        "date": "2018-06-18T12:42:25.164Z"
    }
},
{
    "model": "skiller.skill",
    "pk": 42,
    "fields": {
        "profile": 10,
        "data": 61,
        "description": "Final structure after answer edge eat laugh a he large order team catch page strong require window majority work he bag option style government just exist me.",
        "date": "2018-06-18T12:42:25.165Z"
    }
},
{
    "model": "skiller.skill",
    "pk": 43,
    "fields": {
        "profile": 10,
        "data": 109,
        "description": "Thank every religious she small result million whatever them class spring seek mission career soon after onto receive nor second interview book movie people investment.",
        "date": "2018-06-18T12:42:25.166Z"
    }
},
{
    "model": "skiller.skill",
    "pk": 44,
    "fields": {
        "profile": 10,
        "data": 33,
        "description": "Story here benefit sign individual nature line movement beyond learn board quickly door fact number strategy appear read family center threat receive myself responsibility trial would.",
        "date": "2018-06-18T12:42:25.168Z"
    }
},
{
    "model": "skiller.skill",
    "pk": 45,
    "fields": {
        "profile": 10,
        "data": 89,
        "description": "If effort perform challenge site capital close model half there relate interview themselves young certainly see standard hospital Mrs candidate.",
        "date": "2018-06-18T12:42:25.169Z"
    }
},
{
    "model": "skiller.skill",
    "pk": 46,
    "fields": {
        "profile": 11,
        "data": 8,
        "description": "Truth available concern our I fund dog determine it artist always civil try election interesting usually raise let sound PM open doctor wife.",
        "date": "2018-06-18T12:42:25.195Z"
    }
},
{
    "model": "skiller.skill",
    "pk": 47,
    "fields": {
        "profile": 11,
        "data": 22,
        "description": "Study trouble whether fund future nice structure minute effect pick travel sense authority method early there address its budget person.",
        "date": "2018-06-18T12:42:25.196Z"
    }
},
{
    "model": "skiller.skill",
    "pk": 48,
    "fields": {
        "profile": 11,
        "data": 11,
        "description": "Realize politics situation price tonight player style heavy president subject cause responsibility day season pay yet few system heart worker blue recent five.",
        "date": "2018-06-18T12:42:25.197Z"
    }
},
{
    "model": "skiller.skill",
    "pk": 49,
    "fields": {
        "profile": 11,
        "data": 25,
        "description": "Recently product well beat trouble with figure need interest beyond peace perhaps together include bit event interesting dinner half threat difference each more.",
        "date": "2018-06-18T12:42:25.199Z"
    }
},
{
    "model": "skiller.skill",
    "pk": 50,
    "fields": {
        "profile": 12,
        "data": 80,
        "description": "Enjoy approach generation several artist wonder radio later recent against quickly thus show few really network inside help mind finish.",
        "date": "2018-06-18T12:42:25.222Z"
    }
},
{
    "model": "skiller.skill",
    "pk": 51,
    "fields": {
        "profile": 12,
        "data": 4,
        "description": "Treat son choose else of evening account organization day each occur after believe data necessary you fire course health network push next try long.",
        "date": "2018-06-18T12:42:25.223Z"
    }
},
{
    "model": "skiller.skill",
    "pk": 52,
    "fields": {
        "profile": 12,
        "data": 97,
        "description": "Specific painting assume investment want appear alone behind purpose dinner time prevent financial south identify indicate available discussion here head now how cultural author.",
        "date": "2018-06-18T12:42:25.224Z"
    }
},
{
    "model": "skiller.skill",
    "pk": 53,
    "fields": {
        "profile": 13,
        "data": 31,
        "description": "Discover draw must people brother remain side ball me north write end American if law pay across make anyone.",
        "date": "2018-06-18T12:42:25.249Z"
    }
},
{
    "model": "skiller.skill",
    "pk": 54,
    "fields": {
        "profile": 13,
        "data": 35,
        "description": "Structure baby forward run occur news black who type garden sometimes guy long message wish.",
        "date": "2018-06-18T12:42:25.250Z"
    }
},
{
    "model": "skiller.skill",
    "pk": 55,
    "fields": {
        "profile": 13,
        "data": 77,
        "description": "Imagine inside stage her certain magazine interview available make between fine suddenly weight training public change cut common since security safe wonder kind simply.",
        "date": "2018-06-18T12:42:25.251Z"
    }
},
{
    "model": "skiller.skill",
    "pk": 56,
    "fields": {
        "profile": 14,
        "data": 12,
        "description": "Entire soon thank later see market health story anything exist week billion only hour with suggest live worker begin interesting financial decide word coach yourself first already.",
        "date": "2018-06-18T12:42:25.278Z"
    }
},
{
    "model": "skiller.skill",
    "pk": 57,
    "fields": {
        "profile": 14,
        "data": 54,
        "description": "Course under he tonight right hope human increase instead who floor second message grow customer police.",
        "date": "2018-06-18T12:42:25.281Z"
    }
},
{
    "model": "skiller.skill",
    "pk": 58,
    "fields": {
        "profile": 14,
        "data": 13,
        "description": "Sign hard sort hard enough product protect recently grow her upon office hotel simply method share year while office television help responsibility hour.",
        "date": "2018-06-18T12:42:25.283Z"
    }
},
{
    "model": "skiller.skill",
    "pk": 59,
    "fields": {
        "profile": 14,
        "data": 26,
        "description": "Arrive appear might open course sport finally politics section stand plant eat lose interview speak west nice friend back media best clear age recently house.",
        "date": "2018-06-18T12:42:25.285Z"
    }
},
{
    "model": "skiller.skill",
    "pk": 60,
    "fields": {
        "profile": 15,
        "data": 40,
        "description": "Face say future those fill miss stop source how job then contain meet send conference.",
        "date": "2018-06-18T12:42:25.314Z"
    }
},
{
    "model": "skiller.skill",
    "pk": 61,
    "fields": {
        "profile": 15,
        "data": 67,
        "description": "Write later organization company fact finally west friend office happy quickly scene give direction recognize natural fact time.",
        "date": "2018-06-18T12:42:25.315Z"
    }
},
{
    "model": "skiller.skill",
    "pk": 62,
    "fields": {
        "profile": 15,
        "data": 55,
        "description": "It attack official civil democratic central everyone year expect fine middle certainly mean office country red around piece pattern impact deal business deal similar thought.",
        "date": "2018-06-18T12:42:25.317Z"
    }
},
{
    "model": "skiller.skill",
    "pk": 63,
    "fields": {
        "profile": 15,
        "data": 16,
        "description": "Total property many civil relationship amount official fight party medical raise seek then impact consumer live help.",
        "date": "2018-06-18T12:42:25.318Z"
    }
},
{
    "model": "skiller.skill",
    "pk": 64,
    "fields": {
        "profile": 15,
        "data": 25,
        "description": "Myself worry next dinner culture instead serious until staff kid former serve piece skill something most Mrs most yes really.",
        "date": "2018-06-18T12:42:25.319Z"
    }
},
{
    "model": "skiller.skill",
    "pk": 65,
    "fields": {
        "profile": 16,
        "data": 34,
        "description": "Drop economic which seem morning what her meeting animal success across run research area agent dream see.",
        "date": "2018-06-18T12:42:25.339Z"
    }
},
{
    "model": "skiller.skill",
    "pk": 66,
    "fields": {
        "profile": 16,
        "data": 37,
        "description": "Especially seat president half gas these respond fine single go yard lead everyone site Democrat difficult use mention woman reveal president fill total success market.",
        "date": "2018-06-18T12:42:25.344Z"
    }
},
{
    "model": "skiller.skill",
    "pk": 67,
    "fields": {
        "profile": 16,
        "data": 36,
        "description": "Scene effect standard carry list management garden others project opportunity should notice dream month clear your.",
        "date": "2018-06-18T12:42:25.345Z"
    }
},
{
    "model": "skiller.skill",
    "pk": 68,
    "fields": {
        "profile": 16,
        "data": 53,
        "description": "Eight onto rich loss interview hear class some increase security range sit American exist.",
        "date": "2018-06-18T12:42:25.345Z"
    }
},
{
    "model": "skiller.skill",
    "pk": 69,
    "fields": {
        "profile": 16,
        "data": 101,
        "description": "Who too until standard perhaps seem north order but list office whether must as final present far anyone have practice forget west mind trade offer.",
        "date": "2018-06-18T12:42:25.346Z"
    }
},
{
    "model": "skiller.skill",
    "pk": 70,
    "fields": {
        "profile": 16,
        "data": 71,
        "description": "Dog rock future program practice bed peace summer book similar paper real this name strategy field on American yeah our.",
        "date": "2018-06-18T12:42:25.346Z"
    }
},
{
    "model": "skiller.skill",
    "pk": 71,
    "fields": {
        "profile": 17,
        "data": 23,
        "description": "Live realize worker kind for bit important above nothing add reduce throughout.",
        "date": "2018-06-18T12:42:25.379Z"
    }
},
{
    "model": "skiller.skill",
    "pk": 72,
    "fields": {
        "profile": 17,
        "data": 44,
        "description": "Simply hair level more every minute before each determine environmental cause movement board live nor sport their according nothing result out wrong national lawyer everyone.",
        "date": "2018-06-18T12:42:25.383Z"
    }
},
{
    "model": "skiller.skill",
    "pk": 73,
    "fields": {
        "profile": 17,
        "data": 92,
        "description": "Suggest social lawyer full man finish fish special successful possible young debate question Mr seek as writer service owner born event list cell watch enter five.",
        "date": "2018-06-18T12:42:25.384Z"
    }
},
{
    "model": "skiller.skill",
    "pk": 74,
    "fields": {
        "profile": 17,
        "data": 90,
        "description": "Think happy manage because war foreign wrong man strong stop property job various suffer again book perform again a follow dream idea suggest million process.",
        "date": "2018-06-18T12:42:25.387Z"
    }
},
{
    "model": "skiller.skill",
    "pk": 75,
    "fields": {
        "profile": 18,
        "data": 23,
        "description": "Deal will consider political prove gas general meeting response suffer difference store bag type TV first investment little college enjoy realize best hit return.",
        "date": "2018-06-18T12:42:25.421Z"
    }
},
{
    "model": "skiller.skill",
    "pk": 76,
    "fields": {
        "profile": 18,
        "data": 21,
        "description": "Team may cost letter including individual mouth nice win quickly amount article either special art condition air such station however month whole.",
        "date": "2018-06-18T12:42:25.423Z"
    }
},
{
    "model": "skiller.skill",
    "pk": 77,
    "fields": {
        "profile": 18,
        "data": 105,
        "description": "Green traditional cut position state more break tonight ready behind hundred station marriage fact hear.",
        "date": "2018-06-18T12:42:25.425Z"
    }
},
{
    "model": "skiller.skill",
    "pk": 78,
    "fields": {
        "profile": 18,
        "data": 70,
        "description": "Town participant environmental network option respond boy simply necessary draw generation sing prove half vote.",
        "date": "2018-06-18T12:42:25.426Z"
    }
},
{
    "model": "skiller.skill",
    "pk": 79,
    "fields": {
        "profile": 18,
        "data": 6,
        "description": "Near picture bar manager ask decision could story so next win employee medical from new movement buy clearly deal game town.",
        "date": "2018-06-18T12:42:25.429Z"
    }
},
{
    "model": "skiller.skill",
    "pk": 80,
    "fields": {
        "profile": 19,
        "data": 97,
        "description": "Improve something young culture above sense prepare else player note chance international.",
        "date": "2018-06-18T12:42:25.458Z"
    }
},
{
    "model": "skiller.skill",
    "pk": 81,
    "fields": {
        "profile": 19,
        "data": 23,
        "description": "Pretty address everything sister yet street team task national far our yet economy yeah decide its responsibility.",
        "date": "2018-06-18T12:42:25.458Z"
    }
},
{
    "model": "skiller.skill",
    "pk": 82,
    "fields": {
        "profile": 19,
        "data": 45,
        "description": "Environmental hope score these friend check throughout car science effort affect follow method moment reach particular Congress one worry along soldier activity plan.",
        "date": "2018-06-18T12:42:25.459Z"
    }
},
{
    "model": "skiller.skill",
    "pk": 83,
    "fields": {
        "profile": 20,
        "data": 19,
        "description": "Building meet send just amount remain recently energy office whom thousand everything each world anything article end represent visit himself glass admit for store.",
        "date": "2018-06-18T12:42:25.466Z"
    }
},
{
    "model": "skiller.skill",
    "pk": 84,
    "fields": {
        "profile": 20,
        "data": 15,
        "description": "Look answer model choose tend idea consider board hundred firm resource life paper player mention rather kid certainly go consumer director west despite nothing.",
        "date": "2018-06-18T12:42:25.466Z"
    }
},
{
    "model": "skiller.skill",
    "pk": 85,
    "fields": {
        "profile": 20,
        "data": 66,
        "description": "Staff power contain thank front alone expert event push charge wonder note learn bank wait significant.",
        "date": "2018-06-18T12:42:25.466Z"
    }
},
{
    "model": "skiller.skill",
    "pk": 86,
    "fields": {
        "profile": 20,
        "data": 23,
        "description": "Time hard easy yet citizen husband teacher under of once cold career memory outside deal another product matter cup bed class.",
        "date": "2018-06-18T12:42:25.466Z"
    }
},
{
    "model": "skiller.confirmation",
    "pk": 1,
    "fields": {
        "skill": 72,
        "by": [
            "xaustin@gmail.com"
        ],
        "to": [
            "nbailey@yahoo.com"
        ],
        "date": "2018-06-18T13:36:43.703Z"
    }
},
{
    "model": "skiller.confirmation",
    "pk": 2,
    "fields": {
        "skill": 71,
        "by": [
            "xaustin@gmail.com"
        ],
        "to": [
            "nbailey@yahoo.com"
        ],
        "date": "2018-06-18T13:36:44.749Z"
    }
},
{
    "model": "skiller.confirmation",
    "pk": 3,
    "fields": {
        "skill": 74,
        "by": [
            "xaustin@gmail.com"
        ],
        "to": [
            "nbailey@yahoo.com"
        ],
        "date": "2018-06-18T13:36:45.812Z"
    }
},
{
    "model": "skiller.confirmation",
    "pk": 4,
    "fields": {
        "skill": 19,
        "by": [
            "xaustin@gmail.com"
        ],
        "to": [
            "amandaprice@gmail.com"
        ],
        "date": "2018-06-18T13:37:04.778Z"
    }
},
{
    "model": "skiller.confirmation",
    "pk": 5,
    "fields": {
        "skill": 22,
        "by": [
            "xaustin@gmail.com"
        ],
        "to": [
            "amandaprice@gmail.com"
        ],
        "date": "2018-06-18T13:37:05.675Z"
    }
},
{
    "model": "skiller.confirmation",
    "pk": 6,
    "fields": {
        "skill": 1,
        "by": [
            "nbailey@yahoo.com"
        ],
        "to": [
            "xaustin@gmail.com"
        ],
        "date": "2018-06-18T13:37:35.766Z"
    }
},
{
    "model": "skiller.confirmation",
    "pk": 7,
    "fields": {
        "skill": 4,
        "by": [
            "nbailey@yahoo.com"
        ],
        "to": [
            "xaustin@gmail.com"
        ],
        "date": "2018-06-18T13:37:36.859Z"
    }
},
{
    "model": "skiller.confirmation",
    "pk": 8,
    "fields": {
        "skill": 65,
        "by": [
            "nbailey@yahoo.com"
        ],
        "to": [
            "brian64@martin.com"
        ],
        "date": "2018-06-18T13:37:47.650Z"
    }
},
{
    "model": "skiller.confirmation",
    "pk": 9,
    "fields": {
        "skill": 69,
        "by": [
            "nbailey@yahoo.com"
        ],
        "to": [
            "brian64@martin.com"
        ],
        "date": "2018-06-18T13:37:49.078Z"
    }
},
{
    "model": "skiller.confirmation",
    "pk": 10,
    "fields": {
        "skill": 66,
        "by": [
            "nbailey@yahoo.com"
        ],
        "to": [
            "brian64@martin.com"
        ],
        "date": "2018-06-18T13:38:04.420Z"
    }
},
{
    "model": "skiller.skilldata",
    "pk": 1,
    "fields": {
        "_codename": "auditing"
    }
},
{
    "model": "skiller.skilldata",
    "pk": 2,
    "fields": {
        "_codename": "autocad"
    }
},
{
    "model": "skiller.skilldata",
    "pk": 3,
    "fields": {
        "_codename": "automotive"
    }
},
{
    "model": "skiller.skilldata",
    "pk": 4,
    "fields": {
        "_codename": "art"
    }
},
{
    "model": "skiller.skilldata",
    "pk": 5,
    "fields": {
        "_codename": "analytical_skills"
    }
},
{
    "model": "skiller.skilldata",
    "pk": 6,
    "fields": {
        "_codename": "adobe_photoshop"
    }
},
{
    "model": "skiller.skilldata",
    "pk": 7,
    "fields": {
        "_codename": "art_direction"
    }
},
{
    "model": "skiller.skilldata",
    "pk": 8,
    "fields": {
        "_codename": "automation"
    }
},
{
    "model": "skiller.skilldata",
    "pk": 9,
    "fields": {
        "_codename": "adobe_illustrator"
    }
},
{
    "model": "skiller.skilldata",
    "pk": 10,
    "fields": {
        "_codename": "agile_methodologies"
    }
},
{
    "model": "skiller.skilldata",
    "pk": 11,
    "fields": {
        "_codename": "a_+_certified_-_a320"
    }
},
{
    "model": "skiller.skilldata",
    "pk": 12,
    "fields": {
        "_codename": "a330_-_ac_drives"
    }
},
{
    "model": "skiller.skilldata",
    "pk": 13,
    "fields": {
        "_codename": "ac_nielsen_-_acpi"
    }
},
{
    "model": "skiller.skilldata",
    "pk": 14,
    "fields": {
        "_codename": "acr_-_adea"
    }
},
{
    "model": "skiller.skilldata",
    "pk": 15,
    "fields": {
        "_codename": "adfs_-_ads-b"
    }
},
{
    "model": "skiller.skilldata",
    "pk": 16,
    "fields": {
        "_codename": "adsi_-_ahdl"
    }
},
{
    "model": "skiller.skilldata",
    "pk": 17,
    "fields": {
        "_codename": "ahlta_-_aix_administration"
    }
},
{
    "model": "skiller.skilldata",
    "pk": 18,
    "fields": {
        "_codename": "ajax_-_amba"
    }
},
{
    "model": "skiller.skilldata",
    "pk": 19,
    "fields": {
        "_codename": "amba_ahb_-_amx_programmer"
    }
},
{
    "model": "skiller.skilldata",
    "pk": 20,
    "fields": {
        "_codename": "ancc_-_apa"
    }
},
{
    "model": "skiller.skilldata",
    "pk": 21,
    "fields": {
        "_codename": "apac_-_apt"
    }
},
{
    "model": "skiller.skilldata",
    "pk": 22,
    "fields": {
        "_codename": "apv_-_arma"
    }
},
{
    "model": "skiller.skilldata",
    "pk": 23,
    "fields": {
        "_codename": "arp_-_ask_manman"
    }
},
{
    "model": "skiller.skilldata",
    "pk": 24,
    "fields": {
        "_codename": "asme_standards_-_at&t_business_direct"
    }
},
{
    "model": "skiller.skilldata",
    "pk": 25,
    "fields": {
        "_codename": "at&t_connect_-_atv_insurance"
    }
},
{
    "model": "skiller.skilldata",
    "pk": 26,
    "fields": {
        "_codename": "au_-_aws_(do_not_use_tag_amazon_web_services)"
    }
},
{
    "model": "skiller.skilldata",
    "pk": 27,
    "fields": {
        "_codename": "aws_cwi_-_ableton_live"
    }
},
{
    "model": "skiller.skilldata",
    "pk": 28,
    "fields": {
        "_codename": "ableton_push_-_academic_achievement"
    }
},
{
    "model": "skiller.skilldata",
    "pk": 29,
    "fields": {
        "_codename": "academic_administration_-_accelerated_reader"
    }
},
{
    "model": "skiller.skilldata",
    "pk": 30,
    "fields": {
        "_codename": "accelerated_testing_-_access_to_information"
    }
},
{
    "model": "skiller.skilldata",
    "pk": 31,
    "fields": {
        "_codename": "access_to_justice_-_account_direction"
    }
},
{
    "model": "skiller.skilldata",
    "pk": 32,
    "fields": {
        "_codename": "account_directors_-_accountright"
    }
},
{
    "model": "skiller.skilldata",
    "pk": 33,
    "fields": {
        "_codename": "accountright_live_-_accredited_cruise_counselor"
    }
},
{
    "model": "skiller.skilldata",
    "pk": 34,
    "fields": {
        "_codename": "accredited_staging_professional_-_aconex"
    }
},
{
    "model": "skiller.skilldata",
    "pk": 35,
    "fields": {
        "_codename": "acoustic_-_acronis"
    }
},
{
    "model": "skiller.skilldata",
    "pk": 36,
    "fields": {
        "_codename": "acronis_true_image_-_active_adult_communities"
    }
},
{
    "model": "skiller.skilldata",
    "pk": 37,
    "fields": {
        "_codename": "active_directory_-_activex_data_objects_(ado)"
    }
},
{
    "model": "skiller.skilldata",
    "pk": 38,
    "fields": {
        "_codename": "activism_-_acute_care"
    }
},
{
    "model": "skiller.skilldata",
    "pk": 39,
    "fields": {
        "_codename": "acute_coronary_syndrome_-_adaptive_control"
    }
},
{
    "model": "skiller.skilldata",
    "pk": 40,
    "fields": {
        "_codename": "adaptive_equipment_-_ademco"
    }
},
{
    "model": "skiller.skilldata",
    "pk": 41,
    "fields": {
        "_codename": "adenovirus_-_administration_crm_et_erp"
    }
},
{
    "model": "skiller.skilldata",
    "pk": 42,
    "fields": {
        "_codename": "administration_jobs_-_adobe_certified"
    }
},
{
    "model": "skiller.skilldata",
    "pk": 43,
    "fields": {
        "_codename": "adobe_color_-_adobe_marketing_cloud"
    }
},
{
    "model": "skiller.skilldata",
    "pk": 44,
    "fields": {
        "_codename": "adobe_media_encoder_-_adoption"
    }
},
{
    "model": "skiller.skilldata",
    "pk": 45,
    "fields": {
        "_codename": "adoption_law_-_advanced"
    }
},
{
    "model": "skiller.skilldata",
    "pk": 46,
    "fields": {
        "_codename": "advanced_cardiac_life_support_(acls)_-_advertising_operations"
    }
},
{
    "model": "skiller.skilldata",
    "pk": 47,
    "fields": {
        "_codename": "advertising_research_-_aerobics"
    }
},
{
    "model": "skiller.skilldata",
    "pk": 48,
    "fields": {
        "_codename": "aerodynamics_-_affiliate_window"
    }
},
{
    "model": "skiller.skilldata",
    "pk": 49,
    "fields": {
        "_codename": "affiliates_-_african_development"
    }
},
{
    "model": "skiller.skilldata",
    "pk": 50,
    "fields": {
        "_codename": "african_diaspora_-_agency_relationship_management"
    }
},
{
    "model": "skiller.skilldata",
    "pk": 51,
    "fields": {
        "_codename": "agency_selection_-_agile_methodologies"
    }
},
{
    "model": "skiller.skilldata",
    "pk": 52,
    "fields": {
        "_codename": "agile_modeling_-_agricultural_law"
    }
},
{
    "model": "skiller.skilldata",
    "pk": 53,
    "fields": {
        "_codename": "agricultural_lending_-_air_defense"
    }
},
{
    "model": "skiller.skilldata",
    "pk": 54,
    "fields": {
        "_codename": "air_duct_cleaning_-_airborne_school"
    }
},
{
    "model": "skiller.skilldata",
    "pk": 55,
    "fields": {
        "_codename": "airbrush_-_airline_economics"
    }
},
{
    "model": "skiller.skilldata",
    "pk": 56,
    "fields": {
        "_codename": "airline_management_-_alarmpoint"
    }
},
{
    "model": "skiller.skilldata",
    "pk": 57,
    "fields": {
        "_codename": "albanian_-_algorithm_design"
    }
},
{
    "model": "skiller.skilldata",
    "pk": 58,
    "fields": {
        "_codename": "algorithm_development_-_allergy_testing"
    }
},
{
    "model": "skiller.skilldata",
    "pk": 59,
    "fields": {
        "_codename": "allgemein_-_alternate_channels"
    }
},
{
    "model": "skiller.skilldata",
    "pk": 60,
    "fields": {
        "_codename": "alternate_reality_games_-_altium"
    }
},
{
    "model": "skiller.skilldata",
    "pk": 61,
    "fields": {
        "_codename": "altium_designer_-_amazon_cloudfront"
    }
},
{
    "model": "skiller.skilldata",
    "pk": 62,
    "fields": {
        "_codename": "amazon_dynamodb_-_amdocs"
    }
},
{
    "model": "skiller.skilldata",
    "pk": 63,
    "fields": {
        "_codename": "amek_9098i_-_american_studies"
    }
},
{
    "model": "skiller.skilldata",
    "pk": 64,
    "fields": {
        "_codename": "american_welding_society_(aws)_-_anaerobic_digestion"
    }
},
{
    "model": "skiller.skilldata",
    "pk": 65,
    "fields": {
        "_codename": "anaerobic_microbiology_-_analytica"
    }
},
{
    "model": "skiller.skilldata",
    "pk": 66,
    "fields": {
        "_codename": "analytical_applications_-_analytique"
    }
},
{
    "model": "skiller.skilldata",
    "pk": 67,
    "fields": {
        "_codename": "analyzation_-_android_sdk"
    }
},
{
    "model": "skiller.skilldata",
    "pk": 68,
    "fields": {
        "_codename": "android_studio_-_animal_care"
    }
},
{
    "model": "skiller.skilldata",
    "pk": 69,
    "fields": {
        "_codename": "animal_chiropractic_-_animation_direction"
    }
},
{
    "model": "skiller.skilldata",
    "pk": 70,
    "fields": {
        "_codename": "animation_programming_-_annual_reports"
    }
},
{
    "model": "skiller.skilldata",
    "pk": 71,
    "fields": {
        "_codename": "annual_returns_-_anti-aging_products"
    }
},
{
    "model": "skiller.skilldata",
    "pk": 72,
    "fields": {
        "_codename": "anti-bribery_-_antique_restoration"
    }
},
{
    "model": "skiller.skilldata",
    "pk": 73,
    "fields": {
        "_codename": "antiques_-_apache_cordova"
    }
},
{
    "model": "skiller.skilldata",
    "pk": 74,
    "fields": {
        "_codename": "apache_derby_-_apogee"
    }
},
{
    "model": "skiller.skilldata",
    "pk": 75,
    "fields": {
        "_codename": "apollo_-_appellate_practice"
    }
},
{
    "model": "skiller.skilldata",
    "pk": 76,
    "fields": {
        "_codename": "appetizers_-_apple_tv"
    }
},
{
    "model": "skiller.skilldata",
    "pk": 77,
    "fields": {
        "_codename": "apple_watch_-_application_management_services"
    }
},
{
    "model": "skiller.skilldata",
    "pk": 78,
    "fields": {
        "_codename": "application_migrations_-_applications_development_management"
    }
},
{
    "model": "skiller.skilldata",
    "pk": 79,
    "fields": {
        "_codename": "applications_software_development_-_apportionment"
    }
},
{
    "model": "skiller.skilldata",
    "pk": 80,
    "fields": {
        "_codename": "appraisers_-_aquariums"
    }
},
{
    "model": "skiller.skilldata",
    "pk": 81,
    "fields": {
        "_codename": "aquatic_ecology_-_arcgis"
    }
},
{
    "model": "skiller.skilldata",
    "pk": 82,
    "fields": {
        "_codename": "arcgis_engine_-_archery"
    }
},
{
    "model": "skiller.skilldata",
    "pk": 83,
    "fields": {
        "_codename": "archestra_-_architectural_plans"
    }
},
{
    "model": "skiller.skilldata",
    "pk": 84,
    "fields": {
        "_codename": "architectural_programming_-_archtics_ticketing_system"
    }
},
{
    "model": "skiller.skilldata",
    "pk": 85,
    "fields": {
        "_codename": "arcplan_-_arista"
    }
},
{
    "model": "skiller.skilldata",
    "pk": 86,
    "fields": {
        "_codename": "arithmetic_-_art_consulting"
    }
},
{
    "model": "skiller.skilldata",
    "pk": 87,
    "fields": {
        "_codename": "art_criticism_-_artbase"
    }
},
{
    "model": "skiller.skilldata",
    "pk": 88,
    "fields": {
        "_codename": "artcam_-_articulate_studio"
    }
},
{
    "model": "skiller.skilldata",
    "pk": 89,
    "fields": {
        "_codename": "articulate_suite_-_artlantis_studio"
    }
},
{
    "model": "skiller.skilldata",
    "pk": 90,
    "fields": {
        "_codename": "arts_&_crafts_-_ashtanga"
    }
},
{
    "model": "skiller.skilldata",
    "pk": 91,
    "fields": {
        "_codename": "asia_business_development_-_asphalt_shingles"
    }
},
{
    "model": "skiller.skilldata",
    "pk": 92,
    "fields": {
        "_codename": "aspose_-_assessment_tools"
    }
},
{
    "model": "skiller.skilldata",
    "pk": 93,
    "fields": {
        "_codename": "assessment_for_learning_-_asset-backed_security_(abs)"
    }
},
{
    "model": "skiller.skilldata",
    "pk": 94,
    "fields": {
        "_codename": "asset-backed_securitization_-_association_of_accounting_technicians_(aat)"
    }
},
{
    "model": "skiller.skilldata",
    "pk": 95,
    "fields": {
        "_codename": "association_of_chartered_certified_accountants_(acca)_-_asus"
    }
},
{
    "model": "skiller.skilldata",
    "pk": 96,
    "fields": {
        "_codename": "asylum_-_athletics"
    }
},
{
    "model": "skiller.skilldata",
    "pk": 97,
    "fields": {
        "_codename": "atlas_-_attachment_theory"
    }
},
{
    "model": "skiller.skilldata",
    "pk": 98,
    "fields": {
        "_codename": "attendance_management_-_audience_response_systems"
    }
},
{
    "model": "skiller.skilldata",
    "pk": 99,
    "fields": {
        "_codename": "audience_segmentation_-_audio_plug-ins"
    }
},
{
    "model": "skiller.skilldata",
    "pk": 100,
    "fields": {
        "_codename": "audio_post_production_-_audit_committee"
    }
},
{
    "model": "skiller.skilldata",
    "pk": 101,
    "fields": {
        "_codename": "audit_management_-_aurora_hdr"
    }
},
{
    "model": "skiller.skilldata",
    "pk": 102,
    "fields": {
        "_codename": "australasia_-_auto_glass_replacement"
    }
},
{
    "model": "skiller.skilldata",
    "pk": 103,
    "fields": {
        "_codename": "auto_injuries_-_automapper"
    }
},
{
    "model": "skiller.skilldata",
    "pk": 104,
    "fields": {
        "_codename": "automod_-_autodesk_vault"
    }
},
{
    "model": "skiller.skilldata",
    "pk": 105,
    "fields": {
        "_codename": "autodock_-_automobile_liability"
    }
},
{
    "model": "skiller.skilldata",
    "pk": 106,
    "fields": {
        "_codename": "automotive_-_automotive_technology"
    }
},
{
    "model": "skiller.skilldata",
    "pk": 107,
    "fields": {
        "_codename": "automotive_writing_-_avast"
    }
},
{
    "model": "skiller.skilldata",
    "pk": 108,
    "fields": {
        "_codename": "avatars_-_avid_newscutter"
    }
},
{
    "model": "skiller.skilldata",
    "pk": 109,
    "fields": {
        "_codename": "avid_studio_-_aweber"
    }
},
{
    "model": "skiller.skilldata",
    "pk": 110,
    "fields": {
        "_codename": "awk_-_asdf"
    }
},
{
    "model": "messanger.conversation",
    "pk": 1,
    "fields": {
        "first_message": null,
        "last_message": 2,
        "profiles": [
            1,
            17
        ]
    }
},
{
    "model": "messanger.message",
    "pk": 1,
    "fields": {
        "conversation": 1,
        "sender": 17,
        "read_at": {
            "xaustin@gmail.com": "2018-06-18T13:39:30.270Z"
        },
        "message": "Hola!",
        "_sent_at": "2018-06-18T13:38:19.545Z"
    }
},
{
    "model": "messanger.message",
    "pk": 2,
    "fields": {
        "conversation": 1,
        "sender": 1,
        "read_at": {},
        "message": "hey!",
        "_sent_at": "2018-06-18T13:39:37.355Z"
    }
},
{
    "model": "projectpager.projectpage",
    "pk": 1,
    "fields": {
        "owner": 17,
        "_name": "fluffy_bunnies",
        "description": "In this group we'll talk about how house rabbits are fluffy. If you love these little pets you can join the group adding me to your contacts and sending a direct. I will send you a request to join the group.",
        "profiles": [
            1,
            17
        ]
    }
},
{
    "model": "projectpager.thread",
    "pk": 1,
    "fields": {
        "project": 1,
        "created_by": 1,
        "title": "Hey wassup",
        "description": "hey wassup"
    }
},
{
    "model": "recommander.activity",
    "pk": 1,
    "fields": {
        "profile": 15,
        "activity_type": "v",
        "date": "2018-06-18T13:36:47.096Z",
        "content_type": [
            "account",
            "profile"
        ],
        "object_id": 1
    }
}
]
