[{"model": "contenttypes.contenttype", "pk": 1, "fields": {"app_label": "admin", "model": "logentry"}}, {"model": "contenttypes.contenttype", "pk": 2, "fields": {"app_label": "auth", "model": "group"}}, {"model": "contenttypes.contenttype", "pk": 3, "fields": {"app_label": "auth", "model": "permission"}}, {"model": "contenttypes.contenttype", "pk": 4, "fields": {"app_label": "contenttypes", "model": "contenttype"}}, {"model": "contenttypes.contenttype", "pk": 5, "fields": {"app_label": "sessions", "model": "session"}}, {"model": "contenttypes.contenttype", "pk": 6, "fields": {"app_label": "authentication", "model": "user"}}, {"model": "contenttypes.contenttype", "pk": 7, "fields": {"app_label": "guardian", "model": "userobjectpermission"}}, {"model": "contenttypes.contenttype", "pk": 8, "fields": {"app_label": "guardian", "model": "groupobjectpermission"}}, {"model": "contenttypes.contenttype", "pk": 9, "fields": {"app_label": "notifications", "model": "notification"}}, {"model": "contenttypes.contenttype", "pk": 10, "fields": {"app_label": "account", "model": "profile"}}, {"model": "contenttypes.contenttype", "pk": 11, "fields": {"app_label": "marathon", "model": "socialrequest"}}, {"model": "contenttypes.contenttype", "pk": 12, "fields": {"app_label": "friendship", "model": "friendship"}}, {"model": "contenttypes.contenttype", "pk": 13, "fields": {"app_label": "skiller", "model": "skill"}}, {"model": "contenttypes.contenttype", "pk": 14, "fields": {"app_label": "skiller", "model": "skilldata"}}, {"model": "contenttypes.contenttype", "pk": 15, "fields": {"app_label": "skiller", "model": "confirmation"}}, {"model": "contenttypes.contenttype", "pk": 16, "fields": {"app_label": "messanger", "model": "conversation"}}, {"model": "contenttypes.contenttype", "pk": 17, "fields": {"app_label": "messanger", "model": "message"}}, {"model": "contenttypes.contenttype", "pk": 18, "fields": {"app_label": "messanger", "model": "groupconversation"}}, {"model": "contenttypes.contenttype", "pk": 19, "fields": {"app_label": "projectpager", "model": "projectpage"}}, {"model": "contenttypes.contenttype", "pk": 20, "fields": {"app_label": "projectpager", "model": "message"}}, {"model": "contenttypes.contenttype", "pk": 21, "fields": {"app_label": "projectpager", "model": "thread"}}, {"model": "contenttypes.contenttype", "pk": 22, "fields": {"app_label": "recommander", "model": "activity"}}, {"model": "sessions.session", "pk": "pfmw1ouk70ix8kxaheewd8m0zskegg0a", "fields": {"session_data": "NjAwMTlmZmJiZDFmOTFlYTU0ZDI1NDA3NDM0ZDdmNDQ5YmE5ZjIwNjp7Il9hdXRoX3VzZXJfaGFzaCI6ImQ0NDczODdiZDRhZTZjNzU3ZmNiMzU4YzE4MTU3OTEyYTc5OTYwMGQiLCJqdXN0X2xvZ2dlZF9pbiI6ZmFsc2UsIl9hdXRoX3VzZXJfYmFja2VuZCI6ImRqYW5nby5jb250cmliLmF1dGguYmFja2VuZHMuTW9kZWxCYWNrZW5kIiwiX2F1dGhfdXNlcl9pZCI6IjYyMyJ9", "expire_date": "2018-07-01T19:39:36.203Z"}}, {"model": "friendship.friendship", "pk": 2419, "fields": {"by": 609, "to": 622, "date": "2018-06-17T18:02:04.585Z"}}, {"model": "friendship.friendship", "pk": 2420, "fields": {"by": 609, "to": 609, "date": "2018-06-17T18:02:04.585Z"}}, {"model": "friendship.friendship", "pk": 2421, "fields": {"by": 609, "to": 613, "date": "2018-06-17T18:02:04.585Z"}}, {"model": "friendship.friendship", "pk": 2422, "fields": {"by": 609, "to": 610, "date": "2018-06-17T18:02:04.585Z"}}, {"model": "friendship.friendship", "pk": 2423, "fields": {"by": 609, "to": 628, "date": "2018-06-17T18:02:04.585Z"}}, {"model": "friendship.friendship", "pk": 2424, "fields": {"by": 609, "to": 618, "date": "2018-06-17T18:02:04.585Z"}}, {"model": "friendship.friendship", "pk": 2425, "fields": {"by": 610, "to": 620, "date": "2018-06-17T18:02:04.591Z"}}, {"model": "friendship.friendship", "pk": 2426, "fields": {"by": 610, "to": 616, "date": "2018-06-17T18:02:04.591Z"}}, {"model": "friendship.friendship", "pk": 2427, "fields": {"by": 610, "to": 622, "date": "2018-06-17T18:02:04.591Z"}}, {"model": "friendship.friendship", "pk": 2428, "fields": {"by": 610, "to": 615, "date": "2018-06-17T18:02:04.591Z"}}, {"model": "friendship.friendship", "pk": 2429, "fields": {"by": 611, "to": 621, "date": "2018-06-17T18:02:04.595Z"}}, {"model": "friendship.friendship", "pk": 2430, "fields": {"by": 611, "to": 626, "date": "2018-06-17T18:02:04.595Z"}}, {"model": "friendship.friendship", "pk": 2431, "fields": {"by": 611, "to": 612, "date": "2018-06-17T18:02:04.595Z"}}, {"model": "friendship.friendship", "pk": 2432, "fields": {"by": 611, "to": 628, "date": "2018-06-17T18:02:04.595Z"}}, {"model": "friendship.friendship", "pk": 2433, "fields": {"by": 611, "to": 615, "date": "2018-06-17T18:02:04.595Z"}}, {"model": "friendship.friendship", "pk": 2434, "fields": {"by": 612, "to": 613, "date": "2018-06-17T18:02:04.600Z"}}, {"model": "friendship.friendship", "pk": 2435, "fields": {"by": 612, "to": 614, "date": "2018-06-17T18:02:04.600Z"}}, {"model": "friendship.friendship", "pk": 2436, "fields": {"by": 612, "to": 625, "date": "2018-06-17T18:02:04.600Z"}}, {"model": "friendship.friendship", "pk": 2437, "fields": {"by": 612, "to": 624, "date": "2018-06-17T18:02:04.600Z"}}, {"model": "friendship.friendship", "pk": 2438, "fields": {"by": 613, "to": 623, "date": "2018-06-17T18:02:04.605Z"}}, {"model": "friendship.friendship", "pk": 2439, "fields": {"by": 613, "to": 622, "date": "2018-06-17T18:02:04.605Z"}}, {"model": "friendship.friendship", "pk": 2440, "fields": {"by": 613, "to": 619, "date": "2018-06-17T18:02:04.605Z"}}, {"model": "friendship.friendship", "pk": 2441, "fields": {"by": 613, "to": 609, "date": "2018-06-17T18:02:04.605Z"}}, {"model": "friendship.friendship", "pk": 2442, "fields": {"by": 614, "to": 617, "date": "2018-06-17T18:02:04.610Z"}}, {"model": "friendship.friendship", "pk": 2443, "fields": {"by": 614, "to": 625, "date": "2018-06-17T18:02:04.610Z"}}, {"model": "friendship.friendship", "pk": 2444, "fields": {"by": 614, "to": 628, "date": "2018-06-17T18:02:04.610Z"}}, {"model": "friendship.friendship", "pk": 2445, "fields": {"by": 614, "to": 610, "date": "2018-06-17T18:02:04.610Z"}}, {"model": "friendship.friendship", "pk": 2446, "fields": {"by": 615, "to": 619, "date": "2018-06-17T18:02:04.617Z"}}, {"model": "friendship.friendship", "pk": 2447, "fields": {"by": 615, "to": 610, "date": "2018-06-17T18:02:04.617Z"}}, {"model": "friendship.friendship", "pk": 2448, "fields": {"by": 615, "to": 620, "date": "2018-06-17T18:02:04.617Z"}}, {"model": "friendship.friendship", "pk": 2449, "fields": {"by": 615, "to": 628, "date": "2018-06-17T18:02:04.617Z"}}, {"model": "friendship.friendship", "pk": 2450, "fields": {"by": 616, "to": 610, "date": "2018-06-17T18:02:04.624Z"}}, {"model": "friendship.friendship", "pk": 2451, "fields": {"by": 616, "to": 617, "date": "2018-06-17T18:02:04.624Z"}}, {"model": "friendship.friendship", "pk": 2452, "fields": {"by": 616, "to": 619, "date": "2018-06-17T18:02:04.624Z"}}, {"model": "friendship.friendship", "pk": 2453, "fields": {"by": 616, "to": 616, "date": "2018-06-17T18:02:04.624Z"}}, {"model": "friendship.friendship", "pk": 2454, "fields": {"by": 616, "to": 620, "date": "2018-06-17T18:02:04.624Z"}}, {"model": "friendship.friendship", "pk": 2455, "fields": {"by": 617, "to": 616, "date": "2018-06-17T18:02:04.631Z"}}, {"model": "friendship.friendship", "pk": 2456, "fields": {"by": 617, "to": 615, "date": "2018-06-17T18:02:04.631Z"}}, {"model": "friendship.friendship", "pk": 2457, "fields": {"by": 617, "to": 623, "date": "2018-06-17T18:02:04.631Z"}}, {"model": "friendship.friendship", "pk": 2458, "fields": {"by": 617, "to": 624, "date": "2018-06-17T18:02:04.632Z"}}, {"model": "friendship.friendship", "pk": 2459, "fields": {"by": 617, "to": 618, "date": "2018-06-17T18:02:04.632Z"}}, {"model": "friendship.friendship", "pk": 2460, "fields": {"by": 617, "to": 612, "date": "2018-06-17T18:02:04.632Z"}}, {"model": "friendship.friendship", "pk": 2461, "fields": {"by": 618, "to": 610, "date": "2018-06-17T18:02:04.639Z"}}, {"model": "friendship.friendship", "pk": 2462, "fields": {"by": 618, "to": 616, "date": "2018-06-17T18:02:04.639Z"}}, {"model": "friendship.friendship", "pk": 2463, "fields": {"by": 618, "to": 617, "date": "2018-06-17T18:02:04.639Z"}}, {"model": "friendship.friendship", "pk": 2464, "fields": {"by": 618, "to": 619, "date": "2018-06-17T18:02:04.639Z"}}, {"model": "friendship.friendship", "pk": 2465, "fields": {"by": 618, "to": 611, "date": "2018-06-17T18:02:04.639Z"}}, {"model": "friendship.friendship", "pk": 2466, "fields": {"by": 618, "to": 618, "date": "2018-06-17T18:02:04.640Z"}}, {"model": "friendship.friendship", "pk": 2467, "fields": {"by": 619, "to": 613, "date": "2018-06-17T18:02:04.647Z"}}, {"model": "friendship.friendship", "pk": 2468, "fields": {"by": 619, "to": 618, "date": "2018-06-17T18:02:04.647Z"}}, {"model": "friendship.friendship", "pk": 2469, "fields": {"by": 619, "to": 616, "date": "2018-06-17T18:02:04.647Z"}}, {"model": "friendship.friendship", "pk": 2470, "fields": {"by": 619, "to": 622, "date": "2018-06-17T18:02:04.647Z"}}, {"model": "friendship.friendship", "pk": 2471, "fields": {"by": 620, "to": 627, "date": "2018-06-17T18:02:04.653Z"}}, {"model": "friendship.friendship", "pk": 2472, "fields": {"by": 620, "to": 616, "date": "2018-06-17T18:02:04.653Z"}}, {"model": "friendship.friendship", "pk": 2473, "fields": {"by": 620, "to": 611, "date": "2018-06-17T18:02:04.653Z"}}, {"model": "friendship.friendship", "pk": 2474, "fields": {"by": 620, "to": 626, "date": "2018-06-17T18:02:04.653Z"}}, {"model": "friendship.friendship", "pk": 2475, "fields": {"by": 620, "to": 614, "date": "2018-06-17T18:02:04.653Z"}}, {"model": "friendship.friendship", "pk": 2476, "fields": {"by": 620, "to": 610, "date": "2018-06-17T18:02:04.653Z"}}, {"model": "friendship.friendship", "pk": 2477, "fields": {"by": 621, "to": 620, "date": "2018-06-17T18:02:04.661Z"}}, {"model": "friendship.friendship", "pk": 2478, "fields": {"by": 621, "to": 625, "date": "2018-06-17T18:02:04.661Z"}}, {"model": "friendship.friendship", "pk": 2479, "fields": {"by": 621, "to": 614, "date": "2018-06-17T18:02:04.662Z"}}, {"model": "friendship.friendship", "pk": 2480, "fields": {"by": 621, "to": 624, "date": "2018-06-17T18:02:04.662Z"}}, {"model": "friendship.friendship", "pk": 2481, "fields": {"by": 621, "to": 615, "date": "2018-06-17T18:02:04.662Z"}}, {"model": "friendship.friendship", "pk": 2482, "fields": {"by": 621, "to": 612, "date": "2018-06-17T18:02:04.662Z"}}, {"model": "friendship.friendship", "pk": 2483, "fields": {"by": 622, "to": 623, "date": "2018-06-17T18:02:04.671Z"}}, {"model": "friendship.friendship", "pk": 2484, "fields": {"by": 622, "to": 618, "date": "2018-06-17T18:02:04.672Z"}}, {"model": "friendship.friendship", "pk": 2485, "fields": {"by": 622, "to": 611, "date": "2018-06-17T18:02:04.672Z"}}, {"model": "friendship.friendship", "pk": 2486, "fields": {"by": 622, "to": 621, "date": "2018-06-17T18:02:04.672Z"}}, {"model": "friendship.friendship", "pk": 2487, "fields": {"by": 623, "to": 627, "date": "2018-06-17T18:02:04.680Z"}}, {"model": "friendship.friendship", "pk": 2488, "fields": {"by": 623, "to": 612, "date": "2018-06-17T18:02:04.680Z"}}, {"model": "friendship.friendship", "pk": 2489, "fields": {"by": 623, "to": 619, "date": "2018-06-17T18:02:04.681Z"}}, {"model": "friendship.friendship", "pk": 2490, "fields": {"by": 623, "to": 623, "date": "2018-06-17T18:02:04.681Z"}}, {"model": "friendship.friendship", "pk": 2491, "fields": {"by": 623, "to": 622, "date": "2018-06-17T18:02:04.681Z"}}, {"model": "friendship.friendship", "pk": 2492, "fields": {"by": 623, "to": 611, "date": "2018-06-17T18:02:04.681Z"}}, {"model": "friendship.friendship", "pk": 2493, "fields": {"by": 624, "to": 623, "date": "2018-06-17T18:02:04.686Z"}}, {"model": "friendship.friendship", "pk": 2494, "fields": {"by": 624, "to": 627, "date": "2018-06-17T18:02:04.686Z"}}, {"model": "friendship.friendship", "pk": 2495, "fields": {"by": 624, "to": 616, "date": "2018-06-17T18:02:04.686Z"}}, {"model": "friendship.friendship", "pk": 2496, "fields": {"by": 624, "to": 612, "date": "2018-06-17T18:02:04.686Z"}}, {"model": "friendship.friendship", "pk": 2497, "fields": {"by": 624, "to": 615, "date": "2018-06-17T18:02:04.686Z"}}, {"model": "friendship.friendship", "pk": 2498, "fields": {"by": 624, "to": 610, "date": "2018-06-17T18:02:04.686Z"}}, {"model": "friendship.friendship", "pk": 2499, "fields": {"by": 625, "to": 616, "date": "2018-06-17T18:02:04.694Z"}}, {"model": "friendship.friendship", "pk": 2500, "fields": {"by": 625, "to": 609, "date": "2018-06-17T18:02:04.694Z"}}, {"model": "friendship.friendship", "pk": 2501, "fields": {"by": 625, "to": 611, "date": "2018-06-17T18:02:04.694Z"}}, {"model": "friendship.friendship", "pk": 2502, "fields": {"by": 625, "to": 615, "date": "2018-06-17T18:02:04.694Z"}}, {"model": "friendship.friendship", "pk": 2503, "fields": {"by": 625, "to": 619, "date": "2018-06-17T18:02:04.694Z"}}, {"model": "friendship.friendship", "pk": 2504, "fields": {"by": 626, "to": 620, "date": "2018-06-17T18:02:04.705Z"}}, {"model": "friendship.friendship", "pk": 2505, "fields": {"by": 626, "to": 621, "date": "2018-06-17T18:02:04.706Z"}}, {"model": "friendship.friendship", "pk": 2506, "fields": {"by": 626, "to": 612, "date": "2018-06-17T18:02:04.706Z"}}, {"model": "friendship.friendship", "pk": 2507, "fields": {"by": 626, "to": 625, "date": "2018-06-17T18:02:04.706Z"}}, {"model": "friendship.friendship", "pk": 2508, "fields": {"by": 627, "to": 620, "date": "2018-06-17T18:02:04.718Z"}}, {"model": "friendship.friendship", "pk": 2509, "fields": {"by": 627, "to": 612, "date": "2018-06-17T18:02:04.718Z"}}, {"model": "friendship.friendship", "pk": 2510, "fields": {"by": 627, "to": 613, "date": "2018-06-17T18:02:04.718Z"}}, {"model": "friendship.friendship", "pk": 2511, "fields": {"by": 627, "to": 626, "date": "2018-06-17T18:02:04.718Z"}}, {"model": "friendship.friendship", "pk": 2512, "fields": {"by": 627, "to": 610, "date": "2018-06-17T18:02:04.719Z"}}, {"model": "friendship.friendship", "pk": 2513, "fields": {"by": 628, "to": 622, "date": "2018-06-17T18:02:04.728Z"}}, {"model": "friendship.friendship", "pk": 2514, "fields": {"by": 628, "to": 628, "date": "2018-06-17T18:02:04.728Z"}}, {"model": "friendship.friendship", "pk": 2515, "fields": {"by": 628, "to": 614, "date": "2018-06-17T18:02:04.728Z"}}, {"model": "friendship.friendship", "pk": 2516, "fields": {"by": 628, "to": 609, "date": "2018-06-17T18:02:04.728Z"}}, {"model": "friendship.friendship", "pk": 2517, "fields": {"by": 628, "to": 625, "date": "2018-06-17T18:02:04.728Z"}}, {"model": "friendship.friendship", "pk": 2518, "fields": {"by": 628, "to": 613, "date": "2018-06-17T18:02:04.728Z"}}, {"model": "skiller.skill", "pk": 12199, "fields": {"profile": 609, "data": 1710, "description": "Scientist fine never bit good night win manage pull keep professional commercial task policy ok civil seek challenge relate young teach rich happen enjoy.", "date": "2018-06-17T18:02:04.456Z"}}, {"model": "skiller.skill", "pk": 12200, "fields": {"profile": 609, "data": 1663, "description": "Prevent serve memory computer pull hope despite candidate sure bag instead treat truth door according free pick speak prepare attorney suffer.", "date": "2018-06-17T18:02:04.456Z"}}, {"model": "skiller.skill", "pk": 12201, "fields": {"profile": 609, "data": 1758, "description": "Bring head return foreign open campaign us successful argue idea certain professional various whether citizen color audience huge west history.", "date": "2018-06-17T18:02:04.456Z"}}, {"model": "skiller.skill", "pk": 12202, "fields": {"profile": 609, "data": 1686, "description": "Read peace language under wish hard develop off grow color her loss too yard.", "date": "2018-06-17T18:02:04.456Z"}}, {"model": "skiller.skill", "pk": 12203, "fields": {"profile": 610, "data": 1702, "description": "Him happy occur federal pattern film government last activity central maybe trade onto read process ten improve about director along hold money.", "date": "2018-06-17T18:02:04.464Z"}}, {"model": "skiller.skill", "pk": 12204, "fields": {"profile": 610, "data": 1751, "description": "Congress word about ability federal room finally green own speak opportunity crime test really I article bring chance back.", "date": "2018-06-17T18:02:04.464Z"}}, {"model": "skiller.skill", "pk": 12205, "fields": {"profile": 610, "data": 1719, "description": "Reality marriage blood church air return current summer difference remain may night opportunity resource threat.", "date": "2018-06-17T18:02:04.464Z"}}, {"model": "skiller.skill", "pk": 12206, "fields": {"profile": 611, "data": 1739, "description": "Enter try idea subject nature stand which example property military none student leg century that entire.", "date": "2018-06-17T18:02:04.471Z"}}, {"model": "skiller.skill", "pk": 12207, "fields": {"profile": 611, "data": 1692, "description": "There bank director because skin scene material air worker century hold nor on reveal main almost treatment away today born sometimes build family stand happy protect.", "date": "2018-06-17T18:02:04.471Z"}}, {"model": "skiller.skill", "pk": 12208, "fields": {"profile": 611, "data": 1687, "description": "Us inside yourself clearly leader second only whom consider have thought maybe degree someone type total growth personal customer foot.", "date": "2018-06-17T18:02:04.471Z"}}, {"model": "skiller.skill", "pk": 12209, "fields": {"profile": 611, "data": 1689, "description": "Probably place heart attack off control your something into perhaps kid attorney power morning blue remain them.", "date": "2018-06-17T18:02:04.471Z"}}, {"model": "skiller.skill", "pk": 12210, "fields": {"profile": 612, "data": 1735, "description": "Trip require example tonight nature religious offer about interesting seat hope admit maybe end unit activity might.", "date": "2018-06-17T18:02:04.477Z"}}, {"model": "skiller.skill", "pk": 12211, "fields": {"profile": 612, "data": 1744, "description": "Area also national church practice Republican Congress despite fear school sport and spring glass short toward car rather lead back while.", "date": "2018-06-17T18:02:04.477Z"}}, {"model": "skiller.skill", "pk": 12212, "fields": {"profile": 612, "data": 1655, "description": "Finally recent their shoulder series lawyer window recent member realize discover single everybody marriage people down star standard production coach prevent offer least agent interest into official.", "date": "2018-06-17T18:02:04.477Z"}}, {"model": "skiller.skill", "pk": 12213, "fields": {"profile": 612, "data": 1658, "description": "Hospital enjoy fight work want hour eat institution behavior pay long your low serve anything claim.", "date": "2018-06-17T18:02:04.477Z"}}, {"model": "skiller.skill", "pk": 12214, "fields": {"profile": 612, "data": 1732, "description": "Describe among town important forget apply international treat tree analysis carry understand interesting agree development age another most inside stay avoid risk.", "date": "2018-06-17T18:02:04.477Z"}}, {"model": "skiller.skill", "pk": 12215, "fields": {"profile": 613, "data": 1709, "description": "Five charge can base player goal address most five box research officer important like but.", "date": "2018-06-17T18:02:04.483Z"}}, {"model": "skiller.skill", "pk": 12216, "fields": {"profile": 613, "data": 1724, "description": "Night maybe agreement husband property reason recently practice a leg few too include fly him idea.", "date": "2018-06-17T18:02:04.483Z"}}, {"model": "skiller.skill", "pk": 12217, "fields": {"profile": 613, "data": 1681, "description": "Yeah specific add religious great become bag another case above today head wait purpose my pay none.", "date": "2018-06-17T18:02:04.484Z"}}, {"model": "skiller.skill", "pk": 12218, "fields": {"profile": 614, "data": 1694, "description": "Manager form size authority big easy would paper authority interview quickly exactly development professor pass forward century.", "date": "2018-06-17T18:02:04.490Z"}}, {"model": "skiller.skill", "pk": 12219, "fields": {"profile": 614, "data": 1745, "description": "At yeah you hit film look source commercial direction price stand garden bar head moment very government range attorney attorney marriage religious important design rise.", "date": "2018-06-17T18:02:04.490Z"}}, {"model": "skiller.skill", "pk": 12220, "fields": {"profile": 614, "data": 1702, "description": "Rise dark guy just us part early record occur watch morning matter culture conference.", "date": "2018-06-17T18:02:04.490Z"}}, {"model": "skiller.skill", "pk": 12221, "fields": {"profile": 615, "data": 1692, "description": "Trip cup paper court year foreign must fire red word result surface house make small garden summer gun.", "date": "2018-06-17T18:02:04.496Z"}}, {"model": "skiller.skill", "pk": 12222, "fields": {"profile": 615, "data": 1755, "description": "Baby despite argue thing choose large four explain official kid specific table woman close table.", "date": "2018-06-17T18:02:04.496Z"}}, {"model": "skiller.skill", "pk": 12223, "fields": {"profile": 615, "data": 1703, "description": "Lay indicate put energy responsibility special major small number stand soldier white foot argue through full final thank relationship.", "date": "2018-06-17T18:02:04.496Z"}}, {"model": "skiller.skill", "pk": 12224, "fields": {"profile": 615, "data": 1740, "description": "Small receive task need ok day feeling firm buy no attention seem crime case customer for.", "date": "2018-06-17T18:02:04.496Z"}}, {"model": "skiller.skill", "pk": 12225, "fields": {"profile": 615, "data": 1712, "description": "Travel white ok term appear interview opportunity include four practice war these.", "date": "2018-06-17T18:02:04.496Z"}}, {"model": "skiller.skill", "pk": 12226, "fields": {"profile": 615, "data": 1758, "description": "Large tree bag recent pick prevent determine upon itself role watch me discussion whatever next sort best picture fast art fill beat.", "date": "2018-06-17T18:02:04.496Z"}}, {"model": "skiller.skill", "pk": 12227, "fields": {"profile": 616, "data": 1714, "description": "Relationship there sense degree drug set both service pattern near produce identify walk three easy receive.", "date": "2018-06-17T18:02:04.503Z"}}, {"model": "skiller.skill", "pk": 12228, "fields": {"profile": 616, "data": 1685, "description": "Produce open school beyond act close receive thus lot cover hit under boy writer benefit major international serious officer.", "date": "2018-06-17T18:02:04.503Z"}}, {"model": "skiller.skill", "pk": 12229, "fields": {"profile": 616, "data": 1745, "description": "Friend tend environment energy purpose always wrong response light turn brother small east.", "date": "2018-06-17T18:02:04.503Z"}}, {"model": "skiller.skill", "pk": 12230, "fields": {"profile": 617, "data": 1691, "description": "Oil world interest rather beat event tough I several agreement and recognize family economic general theory think nation product event coach door contain few.", "date": "2018-06-17T18:02:04.508Z"}}, {"model": "skiller.skill", "pk": 12231, "fields": {"profile": 617, "data": 1704, "description": "Lot attack practice significant doctor task tree involve central figure check say note clear leader card a time both design impact travel.", "date": "2018-06-17T18:02:04.508Z"}}, {"model": "skiller.skill", "pk": 12232, "fields": {"profile": 617, "data": 1653, "description": "Reveal us artist me step ability agency address know fire across operation may training.", "date": "2018-06-17T18:02:04.508Z"}}, {"model": "skiller.skill", "pk": 12233, "fields": {"profile": 617, "data": 1747, "description": "Reveal loss after through action eye usually ask back couple strong soldier get choose happy some those choose.", "date": "2018-06-17T18:02:04.508Z"}}, {"model": "skiller.skill", "pk": 12234, "fields": {"profile": 617, "data": 1698, "description": "Factor alone sing you budget customer sort through us all method system last personal.", "date": "2018-06-17T18:02:04.508Z"}}, {"model": "skiller.skill", "pk": 12235, "fields": {"profile": 618, "data": 1680, "description": "Five example pretty develop economy hear including police so authority return program over national lawyer behavior war.", "date": "2018-06-17T18:02:04.516Z"}}, {"model": "skiller.skill", "pk": 12236, "fields": {"profile": 618, "data": 1706, "description": "Stock including debate national nearly author action large later fine experience drop open thing begin hope already art whom.", "date": "2018-06-17T18:02:04.516Z"}}, {"model": "skiller.skill", "pk": 12237, "fields": {"profile": 618, "data": 1740, "description": "Different life responsibility special more throw professional case model style sure hard subject whose nature particular natural would be open he then collection.", "date": "2018-06-17T18:02:04.516Z"}}, {"model": "skiller.skill", "pk": 12238, "fields": {"profile": 618, "data": 1681, "description": "Medical perform he certainly station cultural own minute whole about throughout meeting picture forget listen.", "date": "2018-06-17T18:02:04.516Z"}}, {"model": "skiller.skill", "pk": 12239, "fields": {"profile": 618, "data": 1729, "description": "Member impact have foot some huge reason road human generation draw use between doctor good lead.", "date": "2018-06-17T18:02:04.516Z"}}, {"model": "skiller.skill", "pk": 12240, "fields": {"profile": 618, "data": 1715, "description": "Word face floor step increase game always order wrong seat final especially entire different fight hotel nice social item course require same nature thing between school nothing.", "date": "2018-06-17T18:02:04.516Z"}}, {"model": "skiller.skill", "pk": 12241, "fields": {"profile": 619, "data": 1723, "description": "Ago guy state second environmental take me serious south behind born I tend never else support seek center hospital cost arrive budget scene glass.", "date": "2018-06-17T18:02:04.523Z"}}, {"model": "skiller.skill", "pk": 12242, "fields": {"profile": 619, "data": 1704, "description": "Information character responsibility upon instead particularly thought lawyer show message everybody see floor three upon.", "date": "2018-06-17T18:02:04.523Z"}}, {"model": "skiller.skill", "pk": 12243, "fields": {"profile": 619, "data": 1729, "description": "We development management individual such feel goal his tend voice near save class hot history sport away hope source easy board weight two maybe and interview usually.", "date": "2018-06-17T18:02:04.523Z"}}, {"model": "skiller.skill", "pk": 12244, "fields": {"profile": 620, "data": 1737, "description": "Quite technology room skin industry prove at do condition remain class plant let.", "date": "2018-06-17T18:02:04.528Z"}}, {"model": "skiller.skill", "pk": 12245, "fields": {"profile": 620, "data": 1722, "description": "Morning become body alone meet still fund employee page there station change indeed window space follow I expect democratic road us keep read subject.", "date": "2018-06-17T18:02:04.529Z"}}, {"model": "skiller.skill", "pk": 12246, "fields": {"profile": 620, "data": 1677, "description": "Situation system west such but color appear whether up certainly hospital father west morning increase choice.", "date": "2018-06-17T18:02:04.529Z"}}, {"model": "skiller.skill", "pk": 12247, "fields": {"profile": 621, "data": 1721, "description": "Reduce reach white man top bit sell candidate letter buy short real evening ever test result.", "date": "2018-06-17T18:02:04.536Z"}}, {"model": "skiller.skill", "pk": 12248, "fields": {"profile": 621, "data": 1726, "description": "Conference long third director call involve be difference sign spring large scientist Congress notice quality subject never throughout assume agency age consumer speech institution present six yeah.", "date": "2018-06-17T18:02:04.536Z"}}, {"model": "skiller.skill", "pk": 12249, "fields": {"profile": 621, "data": 1681, "description": "On information perhaps machine low age front rich kind easy song whatever note standard lay guy determine ahead president.", "date": "2018-06-17T18:02:04.536Z"}}, {"model": "skiller.skill", "pk": 12250, "fields": {"profile": 621, "data": 1699, "description": "In may look system detail difference check enjoy bit identify list author election idea.", "date": "2018-06-17T18:02:04.536Z"}}, {"model": "skiller.skill", "pk": 12251, "fields": {"profile": 621, "data": 1680, "description": "Sign course fall important person century night you try strategy degree responsibility conference subject herself coach.", "date": "2018-06-17T18:02:04.536Z"}}, {"model": "skiller.skill", "pk": 12252, "fields": {"profile": 622, "data": 1658, "description": "Make lay I power at its feel range environmental start coach bed.", "date": "2018-06-17T18:02:04.541Z"}}, {"model": "skiller.skill", "pk": 12253, "fields": {"profile": 622, "data": 1703, "description": "Care score show prevent laugh quite idea response later father performance century customer produce try they medical control student house movement resource.", "date": "2018-06-17T18:02:04.541Z"}}, {"model": "skiller.skill", "pk": 12254, "fields": {"profile": 622, "data": 1722, "description": "Meeting strategy agency less group water could brother option each you number right goal only exist large local note plan treat mind upon finally.", "date": "2018-06-17T18:02:04.541Z"}}, {"model": "skiller.skill", "pk": 12255, "fields": {"profile": 622, "data": 1678, "description": "Pressure central parent goal physical financial yard of answer support suggest resource pretty language increase couple create certainly weight result.", "date": "2018-06-17T18:02:04.541Z"}}, {"model": "skiller.skill", "pk": 12256, "fields": {"profile": 622, "data": 1693, "description": "Surface nor reveal idea go night up somebody small discuss this learn world woman range.", "date": "2018-06-17T18:02:04.541Z"}}, {"model": "skiller.skill", "pk": 12257, "fields": {"profile": 623, "data": 1704, "description": "Attorney late stand to thousand sit artist benefit degree teach manage nice realize keep debate stage probably subject many table hard task lead here each mind.", "date": "2018-06-17T18:02:04.548Z"}}, {"model": "skiller.skill", "pk": 12258, "fields": {"profile": 623, "data": 1691, "description": "Design both let off morning involve simple room shoulder change north spring employee computer Mr fast particular forward require health part three suddenly option sport.", "date": "2018-06-17T18:02:04.548Z"}}, {"model": "skiller.skill", "pk": 12259, "fields": {"profile": 623, "data": 1676, "description": "Or exist during daughter art audience daughter technology ask go together rock.", "date": "2018-06-17T18:02:04.548Z"}}, {"model": "skiller.skill", "pk": 12260, "fields": {"profile": 623, "data": 1701, "description": "Play agree pass full bag successful within performance again traditional trade father above would interest guess take lot financial.", "date": "2018-06-17T18:02:04.548Z"}}, {"model": "skiller.skill", "pk": 12261, "fields": {"profile": 624, "data": 1663, "description": "Society event until language of safe education even morning western lay education local.", "date": "2018-06-17T18:02:04.554Z"}}, {"model": "skiller.skill", "pk": 12262, "fields": {"profile": 624, "data": 1723, "description": "Nice past per son all rather say including policy customer there tell read former.", "date": "2018-06-17T18:02:04.554Z"}}, {"model": "skiller.skill", "pk": 12263, "fields": {"profile": 624, "data": 1710, "description": "Form watch ahead executive around right arm feeling and anyone teacher than structure spend my time clear world blue population deal dog instead foreign top issue.", "date": "2018-06-17T18:02:04.554Z"}}, {"model": "skiller.skill", "pk": 12264, "fields": {"profile": 624, "data": 1653, "description": "Medical threat participant business sometimes attorney campaign imagine fund really possible top strong require fund production federal evidence.", "date": "2018-06-17T18:02:04.554Z"}}, {"model": "skiller.skill", "pk": 12265, "fields": {"profile": 624, "data": 1704, "description": "Across member finally want energy charge education step heart under candidate easy lawyer know sort outside benefit machine sign later if over executive education collection help.", "date": "2018-06-17T18:02:04.554Z"}}, {"model": "skiller.skill", "pk": 12266, "fields": {"profile": 624, "data": 1725, "description": "Trial really remain economy manage again head building he herself hospital matter majority to fine no cover car rest relationship public example this.", "date": "2018-06-17T18:02:04.554Z"}}, {"model": "skiller.skill", "pk": 12267, "fields": {"profile": 625, "data": 1759, "description": "Quite nice see choice their analysis sport describe include eight stop read us card magazine bed town media life yet paper.", "date": "2018-06-17T18:02:04.560Z"}}, {"model": "skiller.skill", "pk": 12268, "fields": {"profile": 625, "data": 1699, "description": "Husband old garden success under much director economic rock over onto necessary not nature reveal line himself couple class.", "date": "2018-06-17T18:02:04.560Z"}}, {"model": "skiller.skill", "pk": 12269, "fields": {"profile": 625, "data": 1711, "description": "Physical east look message end purpose suddenly our age weight threat huge sea reveal rather whom listen story simply race usually own school identify film man research.", "date": "2018-06-17T18:02:04.560Z"}}, {"model": "skiller.skill", "pk": 12270, "fields": {"profile": 625, "data": 1721, "description": "Half test hold save far how least product exist method write key eight American democratic move situation left focus nice several four before.", "date": "2018-06-17T18:02:04.560Z"}}, {"model": "skiller.skill", "pk": 12271, "fields": {"profile": 625, "data": 1732, "description": "Area him whatever clear physical the people room seek material maybe official increase teach artist itself responsibility size late get finally beyond read relate make so.", "date": "2018-06-17T18:02:04.560Z"}}, {"model": "skiller.skill", "pk": 12272, "fields": {"profile": 625, "data": 1717, "description": "Maybe school strong my perhaps consumer next together effect exactly design its happy mind camera gas everything deal agreement government.", "date": "2018-06-17T18:02:04.560Z"}}, {"model": "skiller.skill", "pk": 12273, "fields": {"profile": 626, "data": 1678, "description": "Clear within situation contain son major someone morning bag floor listen stay eat.", "date": "2018-06-17T18:02:04.566Z"}}, {"model": "skiller.skill", "pk": 12274, "fields": {"profile": 626, "data": 1713, "description": "Science music rate quickly happy entire energy need employee it minute why.", "date": "2018-06-17T18:02:04.566Z"}}, {"model": "skiller.skill", "pk": 12275, "fields": {"profile": 626, "data": 1729, "description": "Administration Republican fine always serve spring effect win reveal care despite family although produce prevent executive opportunity dog democratic all question candidate defense room follow letter.", "date": "2018-06-17T18:02:04.566Z"}}, {"model": "skiller.skill", "pk": 12276, "fields": {"profile": 626, "data": 1684, "description": "Statement check wish this poor star recent vote necessary mission same black future.", "date": "2018-06-17T18:02:04.566Z"}}, {"model": "skiller.skill", "pk": 12277, "fields": {"profile": 626, "data": 1686, "description": "Until rock politics leave all capital local fact return medical grow kitchen president happy then change agency bring building leg even population walk of buy story.", "date": "2018-06-17T18:02:04.566Z"}}, {"model": "skiller.skill", "pk": 12278, "fields": {"profile": 626, "data": 1652, "description": "Maybe exist alone into store save defense voice course food sit feel call plan most all fly marriage now state situation majority because and protect necessary own.", "date": "2018-06-17T18:02:04.566Z"}}, {"model": "skiller.skill", "pk": 12279, "fields": {"profile": 627, "data": 1678, "description": "Recognize local manager floor control machine wife what star child several past message far.", "date": "2018-06-17T18:02:04.572Z"}}, {"model": "skiller.skill", "pk": 12280, "fields": {"profile": 627, "data": 1688, "description": "Present truth direction field especially wrong quickly lot light sometimes cell raise.", "date": "2018-06-17T18:02:04.572Z"}}, {"model": "skiller.skill", "pk": 12281, "fields": {"profile": 627, "data": 1665, "description": "Many level grow think read next environmental include big child represent sell party as agree effort good on machine look born around throw deal new.", "date": "2018-06-17T18:02:04.572Z"}}, {"model": "skiller.skill", "pk": 12282, "fields": {"profile": 627, "data": 1717, "description": "Under life always baby finally citizen science entire fish picture compare under medical rich stand matter without modern unit especially mission.", "date": "2018-06-17T18:02:04.572Z"}}, {"model": "skiller.skill", "pk": 12283, "fields": {"profile": 627, "data": 1732, "description": "Perhaps bed low activity health present interesting PM technology example executive early.", "date": "2018-06-17T18:02:04.572Z"}}, {"model": "skiller.skill", "pk": 12284, "fields": {"profile": 628, "data": 1692, "description": "With to get yeah base rock your that experience usually exist TV what term should it seek provide believe word sport.", "date": "2018-06-17T18:02:04.577Z"}}, {"model": "skiller.skill", "pk": 12285, "fields": {"profile": 628, "data": 1694, "description": "Rather strong billion amount but less experience type stay growth sense finally own give would officer live movie fall executive value.", "date": "2018-06-17T18:02:04.578Z"}}, {"model": "skiller.skill", "pk": 12286, "fields": {"profile": 628, "data": 1728, "description": "Recent conference system dream box bill race shake than our money laugh generation every win eye nature dream treat media note method life seat me.", "date": "2018-06-17T18:02:04.578Z"}}, {"model": "skiller.skill", "pk": 12287, "fields": {"profile": 628, "data": 1698, "description": "They garden store news himself result somebody spend study ever world arrive it lead rate already picture bad boy beat list decade development.", "date": "2018-06-17T18:02:04.578Z"}}, {"model": "skiller.skilldata", "pk": 1651, "fields": {"_codename": "auditing"}}, {"model": "skiller.skilldata", "pk": 1652, "fields": {"_codename": "autocad"}}, {"model": "skiller.skilldata", "pk": 1653, "fields": {"_codename": "automotive"}}, {"model": "skiller.skilldata", "pk": 1654, "fields": {"_codename": "art"}}, {"model": "skiller.skilldata", "pk": 1655, "fields": {"_codename": "analytical_skills"}}, {"model": "skiller.skilldata", "pk": 1656, "fields": {"_codename": "adobe_photoshop"}}, {"model": "skiller.skilldata", "pk": 1657, "fields": {"_codename": "art_direction"}}, {"model": "skiller.skilldata", "pk": 1658, "fields": {"_codename": "automation"}}, {"model": "skiller.skilldata", "pk": 1659, "fields": {"_codename": "adobe_illustrator"}}, {"model": "skiller.skilldata", "pk": 1660, "fields": {"_codename": "agile_methodologies"}}, {"model": "skiller.skilldata", "pk": 1661, "fields": {"_codename": "a_+_certified_-_a320"}}, {"model": "skiller.skilldata", "pk": 1662, "fields": {"_codename": "a330_-_ac_drives"}}, {"model": "skiller.skilldata", "pk": 1663, "fields": {"_codename": "ac_nielsen_-_acpi"}}, {"model": "skiller.skilldata", "pk": 1664, "fields": {"_codename": "acr_-_adea"}}, {"model": "skiller.skilldata", "pk": 1665, "fields": {"_codename": "adfs_-_ads-b"}}, {"model": "skiller.skilldata", "pk": 1666, "fields": {"_codename": "adsi_-_ahdl"}}, {"model": "skiller.skilldata", "pk": 1667, "fields": {"_codename": "ahlta_-_aix_administration"}}, {"model": "skiller.skilldata", "pk": 1668, "fields": {"_codename": "ajax_-_amba"}}, {"model": "skiller.skilldata", "pk": 1669, "fields": {"_codename": "amba_ahb_-_amx_programmer"}}, {"model": "skiller.skilldata", "pk": 1670, "fields": {"_codename": "ancc_-_apa"}}, {"model": "skiller.skilldata", "pk": 1671, "fields": {"_codename": "apac_-_apt"}}, {"model": "skiller.skilldata", "pk": 1672, "fields": {"_codename": "apv_-_arma"}}, {"model": "skiller.skilldata", "pk": 1673, "fields": {"_codename": "arp_-_ask_manman"}}, {"model": "skiller.skilldata", "pk": 1674, "fields": {"_codename": "asme_standards_-_at&t_business_direct"}}, {"model": "skiller.skilldata", "pk": 1675, "fields": {"_codename": "at&t_connect_-_atv_insurance"}}, {"model": "skiller.skilldata", "pk": 1676, "fields": {"_codename": "au_-_aws_(do_not_use_tag_amazon_web_services)"}}, {"model": "skiller.skilldata", "pk": 1677, "fields": {"_codename": "aws_cwi_-_ableton_live"}}, {"model": "skiller.skilldata", "pk": 1678, "fields": {"_codename": "ableton_push_-_academic_achievement"}}, {"model": "skiller.skilldata", "pk": 1679, "fields": {"_codename": "academic_administration_-_accelerated_reader"}}, {"model": "skiller.skilldata", "pk": 1680, "fields": {"_codename": "accelerated_testing_-_access_to_information"}}, {"model": "skiller.skilldata", "pk": 1681, "fields": {"_codename": "access_to_justice_-_account_direction"}}, {"model": "skiller.skilldata", "pk": 1682, "fields": {"_codename": "account_directors_-_accountright"}}, {"model": "skiller.skilldata", "pk": 1683, "fields": {"_codename": "accountright_live_-_accredited_cruise_counselor"}}, {"model": "skiller.skilldata", "pk": 1684, "fields": {"_codename": "accredited_staging_professional_-_aconex"}}, {"model": "skiller.skilldata", "pk": 1685, "fields": {"_codename": "acoustic_-_acronis"}}, {"model": "skiller.skilldata", "pk": 1686, "fields": {"_codename": "acronis_true_image_-_active_adult_communities"}}, {"model": "skiller.skilldata", "pk": 1687, "fields": {"_codename": "active_directory_-_activex_data_objects_(ado)"}}, {"model": "skiller.skilldata", "pk": 1688, "fields": {"_codename": "activism_-_acute_care"}}, {"model": "skiller.skilldata", "pk": 1689, "fields": {"_codename": "acute_coronary_syndrome_-_adaptive_control"}}, {"model": "skiller.skilldata", "pk": 1690, "fields": {"_codename": "adaptive_equipment_-_ademco"}}, {"model": "skiller.skilldata", "pk": 1691, "fields": {"_codename": "adenovirus_-_administration_crm_et_erp"}}, {"model": "skiller.skilldata", "pk": 1692, "fields": {"_codename": "administration_jobs_-_adobe_certified"}}, {"model": "skiller.skilldata", "pk": 1693, "fields": {"_codename": "adobe_color_-_adobe_marketing_cloud"}}, {"model": "skiller.skilldata", "pk": 1694, "fields": {"_codename": "adobe_media_encoder_-_adoption"}}, {"model": "skiller.skilldata", "pk": 1695, "fields": {"_codename": "adoption_law_-_advanced"}}, {"model": "skiller.skilldata", "pk": 1696, "fields": {"_codename": "advanced_cardiac_life_support_(acls)_-_advertising_operations"}}, {"model": "skiller.skilldata", "pk": 1697, "fields": {"_codename": "advertising_research_-_aerobics"}}, {"model": "skiller.skilldata", "pk": 1698, "fields": {"_codename": "aerodynamics_-_affiliate_window"}}, {"model": "skiller.skilldata", "pk": 1699, "fields": {"_codename": "affiliates_-_african_development"}}, {"model": "skiller.skilldata", "pk": 1700, "fields": {"_codename": "african_diaspora_-_agency_relationship_management"}}, {"model": "skiller.skilldata", "pk": 1701, "fields": {"_codename": "agency_selection_-_agile_methodologies"}}, {"model": "skiller.skilldata", "pk": 1702, "fields": {"_codename": "agile_modeling_-_agricultural_law"}}, {"model": "skiller.skilldata", "pk": 1703, "fields": {"_codename": "agricultural_lending_-_air_defense"}}, {"model": "skiller.skilldata", "pk": 1704, "fields": {"_codename": "air_duct_cleaning_-_airborne_school"}}, {"model": "skiller.skilldata", "pk": 1705, "fields": {"_codename": "airbrush_-_airline_economics"}}, {"model": "skiller.skilldata", "pk": 1706, "fields": {"_codename": "airline_management_-_alarmpoint"}}, {"model": "skiller.skilldata", "pk": 1707, "fields": {"_codename": "albanian_-_algorithm_design"}}, {"model": "skiller.skilldata", "pk": 1708, "fields": {"_codename": "algorithm_development_-_allergy_testing"}}, {"model": "skiller.skilldata", "pk": 1709, "fields": {"_codename": "allgemein_-_alternate_channels"}}, {"model": "skiller.skilldata", "pk": 1710, "fields": {"_codename": "alternate_reality_games_-_altium"}}, {"model": "skiller.skilldata", "pk": 1711, "fields": {"_codename": "altium_designer_-_amazon_cloudfront"}}, {"model": "skiller.skilldata", "pk": 1712, "fields": {"_codename": "amazon_dynamodb_-_amdocs"}}, {"model": "skiller.skilldata", "pk": 1713, "fields": {"_codename": "amek_9098i_-_american_studies"}}, {"model": "skiller.skilldata", "pk": 1714, "fields": {"_codename": "american_welding_society_(aws)_-_anaerobic_digestion"}}, {"model": "skiller.skilldata", "pk": 1715, "fields": {"_codename": "anaerobic_microbiology_-_analytica"}}, {"model": "skiller.skilldata", "pk": 1716, "fields": {"_codename": "analytical_applications_-_analytique"}}, {"model": "skiller.skilldata", "pk": 1717, "fields": {"_codename": "analyzation_-_android_sdk"}}, {"model": "skiller.skilldata", "pk": 1718, "fields": {"_codename": "android_studio_-_animal_care"}}, {"model": "skiller.skilldata", "pk": 1719, "fields": {"_codename": "animal_chiropractic_-_animation_direction"}}, {"model": "skiller.skilldata", "pk": 1720, "fields": {"_codename": "animation_programming_-_annual_reports"}}, {"model": "skiller.skilldata", "pk": 1721, "fields": {"_codename": "annual_returns_-_anti-aging_products"}}, {"model": "skiller.skilldata", "pk": 1722, "fields": {"_codename": "anti-bribery_-_antique_restoration"}}, {"model": "skiller.skilldata", "pk": 1723, "fields": {"_codename": "antiques_-_apache_cordova"}}, {"model": "skiller.skilldata", "pk": 1724, "fields": {"_codename": "apache_derby_-_apogee"}}, {"model": "skiller.skilldata", "pk": 1725, "fields": {"_codename": "apollo_-_appellate_practice"}}, {"model": "skiller.skilldata", "pk": 1726, "fields": {"_codename": "appetizers_-_apple_tv"}}, {"model": "skiller.skilldata", "pk": 1727, "fields": {"_codename": "apple_watch_-_application_management_services"}}, {"model": "skiller.skilldata", "pk": 1728, "fields": {"_codename": "application_migrations_-_applications_development_management"}}, {"model": "skiller.skilldata", "pk": 1729, "fields": {"_codename": "applications_software_development_-_apportionment"}}, {"model": "skiller.skilldata", "pk": 1730, "fields": {"_codename": "appraisers_-_aquariums"}}, {"model": "skiller.skilldata", "pk": 1731, "fields": {"_codename": "aquatic_ecology_-_arcgis"}}, {"model": "skiller.skilldata", "pk": 1732, "fields": {"_codename": "arcgis_engine_-_archery"}}, {"model": "skiller.skilldata", "pk": 1733, "fields": {"_codename": "archestra_-_architectural_plans"}}, {"model": "skiller.skilldata", "pk": 1734, "fields": {"_codename": "architectural_programming_-_archtics_ticketing_system"}}, {"model": "skiller.skilldata", "pk": 1735, "fields": {"_codename": "arcplan_-_arista"}}, {"model": "skiller.skilldata", "pk": 1736, "fields": {"_codename": "arithmetic_-_art_consulting"}}, {"model": "skiller.skilldata", "pk": 1737, "fields": {"_codename": "art_criticism_-_artbase"}}, {"model": "skiller.skilldata", "pk": 1738, "fields": {"_codename": "artcam_-_articulate_studio"}}, {"model": "skiller.skilldata", "pk": 1739, "fields": {"_codename": "articulate_suite_-_artlantis_studio"}}, {"model": "skiller.skilldata", "pk": 1740, "fields": {"_codename": "arts_&_crafts_-_ashtanga"}}, {"model": "skiller.skilldata", "pk": 1741, "fields": {"_codename": "asia_business_development_-_asphalt_shingles"}}, {"model": "skiller.skilldata", "pk": 1742, "fields": {"_codename": "aspose_-_assessment_tools"}}, {"model": "skiller.skilldata", "pk": 1743, "fields": {"_codename": "assessment_for_learning_-_asset-backed_security_(abs)"}}, {"model": "skiller.skilldata", "pk": 1744, "fields": {"_codename": "asset-backed_securitization_-_association_of_accounting_technicians_(aat)"}}, {"model": "skiller.skilldata", "pk": 1745, "fields": {"_codename": "association_of_chartered_certified_accountants_(acca)_-_asus"}}, {"model": "skiller.skilldata", "pk": 1746, "fields": {"_codename": "asylum_-_athletics"}}, {"model": "skiller.skilldata", "pk": 1747, "fields": {"_codename": "atlas_-_attachment_theory"}}, {"model": "skiller.skilldata", "pk": 1748, "fields": {"_codename": "attendance_management_-_audience_response_systems"}}, {"model": "skiller.skilldata", "pk": 1749, "fields": {"_codename": "audience_segmentation_-_audio_plug-ins"}}, {"model": "skiller.skilldata", "pk": 1750, "fields": {"_codename": "audio_post_production_-_audit_committee"}}, {"model": "skiller.skilldata", "pk": 1751, "fields": {"_codename": "audit_management_-_aurora_hdr"}}, {"model": "skiller.skilldata", "pk": 1752, "fields": {"_codename": "australasia_-_auto_glass_replacement"}}, {"model": "skiller.skilldata", "pk": 1753, "fields": {"_codename": "auto_injuries_-_automapper"}}, {"model": "skiller.skilldata", "pk": 1754, "fields": {"_codename": "automod_-_autodesk_vault"}}, {"model": "skiller.skilldata", "pk": 1755, "fields": {"_codename": "autodock_-_automobile_liability"}}, {"model": "skiller.skilldata", "pk": 1756, "fields": {"_codename": "automotive_-_automotive_technology"}}, {"model": "skiller.skilldata", "pk": 1757, "fields": {"_codename": "automotive_writing_-_avast"}}, {"model": "skiller.skilldata", "pk": 1758, "fields": {"_codename": "avatars_-_avid_newscutter"}}, {"model": "skiller.skilldata", "pk": 1759, "fields": {"_codename": "avid_studio_-_aweber"}}, {"model": "skiller.skilldata", "pk": 1760, "fields": {"_codename": "awk_-_asdf"}}, {"model": "recommander.activity", "pk": 4, "fields": {"profile": 623, "activity_type": "v", "date": "2018-06-17T19:25:55.885Z", "content_type": 10, "object_id": 628}}, {"model": "recommander.activity", "pk": 5, "fields": {"profile": 617, "activity_type": "v", "date": "2018-06-17T19:19:15.722Z", "content_type": 10, "object_id": 628}}, {"model": "recommander.activity", "pk": 6, "fields": {"profile": 618, "activity_type": "v", "date": "2018-06-17T19:39:36.055Z", "content_type": 10, "object_id": 628}}, {"model": "auth.permission", "pk": 1, "fields": {"name": "Can add log entry", "content_type": 1, "codename": "add_logentry"}}, {"model": "auth.permission", "pk": 2, "fields": {"name": "Can change log entry", "content_type": 1, "codename": "change_logentry"}}, {"model": "auth.permission", "pk": 3, "fields": {"name": "Can delete log entry", "content_type": 1, "codename": "delete_logentry"}}, {"model": "auth.permission", "pk": 4, "fields": {"name": "Can add group", "content_type": 2, "codename": "add_group"}}, {"model": "auth.permission", "pk": 5, "fields": {"name": "Can change group", "content_type": 2, "codename": "change_group"}}, {"model": "auth.permission", "pk": 6, "fields": {"name": "Can delete group", "content_type": 2, "codename": "delete_group"}}, {"model": "auth.permission", "pk": 7, "fields": {"name": "Can add permission", "content_type": 3, "codename": "add_permission"}}, {"model": "auth.permission", "pk": 8, "fields": {"name": "Can change permission", "content_type": 3, "codename": "change_permission"}}, {"model": "auth.permission", "pk": 9, "fields": {"name": "Can delete permission", "content_type": 3, "codename": "delete_permission"}}, {"model": "auth.permission", "pk": 10, "fields": {"name": "Can add content type", "content_type": 4, "codename": "add_contenttype"}}, {"model": "auth.permission", "pk": 11, "fields": {"name": "Can change content type", "content_type": 4, "codename": "change_contenttype"}}, {"model": "auth.permission", "pk": 12, "fields": {"name": "Can delete content type", "content_type": 4, "codename": "delete_contenttype"}}, {"model": "auth.permission", "pk": 13, "fields": {"name": "Can add session", "content_type": 5, "codename": "add_session"}}, {"model": "auth.permission", "pk": 14, "fields": {"name": "Can change session", "content_type": 5, "codename": "change_session"}}, {"model": "auth.permission", "pk": 15, "fields": {"name": "Can delete session", "content_type": 5, "codename": "delete_session"}}, {"model": "auth.permission", "pk": 16, "fields": {"name": "Can add user", "content_type": 6, "codename": "add_user"}}, {"model": "auth.permission", "pk": 17, "fields": {"name": "Can change user", "content_type": 6, "codename": "change_user"}}, {"model": "auth.permission", "pk": 18, "fields": {"name": "Can delete user", "content_type": 6, "codename": "delete_user"}}, {"model": "auth.permission", "pk": 19, "fields": {"name": "Can add user object permission", "content_type": 7, "codename": "add_userobjectpermission"}}, {"model": "auth.permission", "pk": 20, "fields": {"name": "Can change user object permission", "content_type": 7, "codename": "change_userobjectpermission"}}, {"model": "auth.permission", "pk": 21, "fields": {"name": "Can delete user object permission", "content_type": 7, "codename": "delete_userobjectpermission"}}, {"model": "auth.permission", "pk": 22, "fields": {"name": "Can add group object permission", "content_type": 8, "codename": "add_groupobjectpermission"}}, {"model": "auth.permission", "pk": 23, "fields": {"name": "Can change group object permission", "content_type": 8, "codename": "change_groupobjectpermission"}}, {"model": "auth.permission", "pk": 24, "fields": {"name": "Can delete group object permission", "content_type": 8, "codename": "delete_groupobjectpermission"}}, {"model": "auth.permission", "pk": 25, "fields": {"name": "Can add notification", "content_type": 9, "codename": "add_notification"}}, {"model": "auth.permission", "pk": 26, "fields": {"name": "Can change notification", "content_type": 9, "codename": "change_notification"}}, {"model": "auth.permission", "pk": 27, "fields": {"name": "Can delete notification", "content_type": 9, "codename": "delete_notification"}}, {"model": "auth.permission", "pk": 28, "fields": {"name": "Can add profile", "content_type": 10, "codename": "add_profile"}}, {"model": "auth.permission", "pk": 29, "fields": {"name": "Can change profile", "content_type": 10, "codename": "change_profile"}}, {"model": "auth.permission", "pk": 30, "fields": {"name": "Can delete profile", "content_type": 10, "codename": "delete_profile"}}, {"model": "auth.permission", "pk": 31, "fields": {"name": "Can edit the profile", "content_type": 10, "codename": "can_change_profile"}}, {"model": "auth.permission", "pk": 32, "fields": {"name": "Can add social request", "content_type": 11, "codename": "add_socialrequest"}}, {"model": "auth.permission", "pk": 33, "fields": {"name": "Can change social request", "content_type": 11, "codename": "change_socialrequest"}}, {"model": "auth.permission", "pk": 34, "fields": {"name": "Can delete social request", "content_type": 11, "codename": "delete_socialrequest"}}, {"model": "auth.permission", "pk": 35, "fields": {"name": "Can add friendship", "content_type": 12, "codename": "add_friendship"}}, {"model": "auth.permission", "pk": 36, "fields": {"name": "Can change friendship", "content_type": 12, "codename": "change_friendship"}}, {"model": "auth.permission", "pk": 37, "fields": {"name": "Can delete friendship", "content_type": 12, "codename": "delete_friendship"}}, {"model": "auth.permission", "pk": 38, "fields": {"name": "Can add skill", "content_type": 13, "codename": "add_skill"}}, {"model": "auth.permission", "pk": 39, "fields": {"name": "Can change skill", "content_type": 13, "codename": "change_skill"}}, {"model": "auth.permission", "pk": 40, "fields": {"name": "Can delete skill", "content_type": 13, "codename": "delete_skill"}}, {"model": "auth.permission", "pk": 41, "fields": {"name": "Can add skill data", "content_type": 14, "codename": "add_skilldata"}}, {"model": "auth.permission", "pk": 42, "fields": {"name": "Can change skill data", "content_type": 14, "codename": "change_skilldata"}}, {"model": "auth.permission", "pk": 43, "fields": {"name": "Can delete skill data", "content_type": 14, "codename": "delete_skilldata"}}, {"model": "auth.permission", "pk": 44, "fields": {"name": "Can add confirmation", "content_type": 15, "codename": "add_confirmation"}}, {"model": "auth.permission", "pk": 45, "fields": {"name": "Can change confirmation", "content_type": 15, "codename": "change_confirmation"}}, {"model": "auth.permission", "pk": 46, "fields": {"name": "Can delete confirmation", "content_type": 15, "codename": "delete_confirmation"}}, {"model": "auth.permission", "pk": 47, "fields": {"name": "Can add conversation", "content_type": 16, "codename": "add_conversation"}}, {"model": "auth.permission", "pk": 48, "fields": {"name": "Can change conversation", "content_type": 16, "codename": "change_conversation"}}, {"model": "auth.permission", "pk": 49, "fields": {"name": "Can delete conversation", "content_type": 16, "codename": "delete_conversation"}}, {"model": "auth.permission", "pk": 50, "fields": {"name": "Can add message", "content_type": 17, "codename": "add_message"}}, {"model": "auth.permission", "pk": 51, "fields": {"name": "Can change message", "content_type": 17, "codename": "change_message"}}, {"model": "auth.permission", "pk": 52, "fields": {"name": "Can delete message", "content_type": 17, "codename": "delete_message"}}, {"model": "auth.permission", "pk": 53, "fields": {"name": "Can add group conversation", "content_type": 18, "codename": "add_groupconversation"}}, {"model": "auth.permission", "pk": 54, "fields": {"name": "Can change group conversation", "content_type": 18, "codename": "change_groupconversation"}}, {"model": "auth.permission", "pk": 55, "fields": {"name": "Can delete group conversation", "content_type": 18, "codename": "delete_groupconversation"}}, {"model": "auth.permission", "pk": 56, "fields": {"name": "Can add project page", "content_type": 19, "codename": "add_projectpage"}}, {"model": "auth.permission", "pk": 57, "fields": {"name": "Can change project page", "content_type": 19, "codename": "change_projectpage"}}, {"model": "auth.permission", "pk": 58, "fields": {"name": "Can delete project page", "content_type": 19, "codename": "delete_projectpage"}}, {"model": "auth.permission", "pk": 59, "fields": {"name": "Can open a thread", "content_type": 19, "codename": "can_open_threads"}}, {"model": "auth.permission", "pk": 60, "fields": {"name": "Can add message", "content_type": 20, "codename": "add_message"}}, {"model": "auth.permission", "pk": 61, "fields": {"name": "Can change message", "content_type": 20, "codename": "change_message"}}, {"model": "auth.permission", "pk": 62, "fields": {"name": "Can delete message", "content_type": 20, "codename": "delete_message"}}, {"model": "auth.permission", "pk": 63, "fields": {"name": "Can add thread", "content_type": 21, "codename": "add_thread"}}, {"model": "auth.permission", "pk": 64, "fields": {"name": "Can change thread", "content_type": 21, "codename": "change_thread"}}, {"model": "auth.permission", "pk": 65, "fields": {"name": "Can delete thread", "content_type": 21, "codename": "delete_thread"}}, {"model": "auth.permission", "pk": 66, "fields": {"name": "Can add activity", "content_type": 22, "codename": "add_activity"}}, {"model": "auth.permission", "pk": 67, "fields": {"name": "Can change activity", "content_type": 22, "codename": "change_activity"}}, {"model": "auth.permission", "pk": 68, "fields": {"name": "Can delete activity", "content_type": 22, "codename": "delete_activity"}}, {"model": "authentication.user", "pk": 604, "fields": {"password": "pbkdf2_sha256$36000$Sg62F6HlGs9P$JH11HKkyZiI4ZHtw2YwStyUFB49fwHcINLSWTen+Sq0=", "last_login": null, "is_superuser": false, "email": "barneserica@gmail.com", "first_name": "Jason", "last_name": "Morris", "is_admin": false, "is_staff": false, "is_active": true, "date_joined": "2018-06-17T18:02:02.644Z", "first_access": true, "groups": [], "user_permissions": []}}, {"model": "authentication.user", "pk": 605, "fields": {"password": "pbkdf2_sha256$36000$OLfvsEseX24Q$T2NH9MfQPqT6i734/W327TC8GDJXxsLwPTCl/B3vEPc=", "last_login": null, "is_superuser": false, "email": "james76@hotmail.com", "first_name": "William", "last_name": "James", "is_admin": false, "is_staff": false, "is_active": true, "date_joined": "2018-06-17T18:02:02.722Z", "first_access": true, "groups": [], "user_permissions": []}}, {"model": "authentication.user", "pk": 606, "fields": {"password": "pbkdf2_sha256$36000$CS5243OTZ7Yr$oF64HMXkmAFwPxdSzuraLcO9K4yZemykmYI4M7dInJw=", "last_login": null, "is_superuser": false, "email": "burkesherry@hotmail.com", "first_name": "Patricia", "last_name": "Pace", "is_admin": false, "is_staff": false, "is_active": true, "date_joined": "2018-06-17T18:02:02.783Z", "first_access": true, "groups": [], "user_permissions": []}}, {"model": "authentication.user", "pk": 607, "fields": {"password": "pbkdf2_sha256$36000$7emdFDNQ5riw$4hvBlpn2g9zPfxAZ5/AsPIzO8bx1DR2+15DC3vfBs8A=", "last_login": null, "is_superuser": false, "email": "victoriamiller@gmail.com", "first_name": "Tracy", "last_name": "Santana", "is_admin": false, "is_staff": false, "is_active": true, "date_joined": "2018-06-17T18:02:02.842Z", "first_access": true, "groups": [], "user_permissions": []}}, {"model": "authentication.user", "pk": 608, "fields": {"password": "pbkdf2_sha256$36000$2gObpXkpUotg$E6i5QWnMYJgmvHNNlpbkyED6mglcnQgmQ4UsRgbFsAw=", "last_login": null, "is_superuser": false, "email": "pknight@gmail.com", "first_name": "Kevin", "last_name": "Mcconnell", "is_admin": false, "is_staff": false, "is_active": true, "date_joined": "2018-06-17T18:02:02.900Z", "first_access": true, "groups": [], "user_permissions": []}}, {"model": "authentication.user", "pk": 609, "fields": {"password": "pbkdf2_sha256$36000$XFIXdjssx6gz$sbYeLYWiT1GG1WlJ3S/D77zJBP9geq3qhktIkK8FNkY=", "last_login": null, "is_superuser": false, "email": "benjamin48@yahoo.com", "first_name": "Jennifer", "last_name": "Ho", "is_admin": false, "is_staff": false, "is_active": true, "date_joined": "2018-06-17T18:02:02.961Z", "first_access": true, "groups": [], "user_permissions": []}}, {"model": "authentication.user", "pk": 610, "fields": {"password": "pbkdf2_sha256$36000$Q2dlNwfJejPX$MO3U8TjD+C6NfJ1op1mCfLqovwXMeNPS1FGWYng7SW0=", "last_login": null, "is_superuser": false, "email": "taylorreginald@yahoo.com", "first_name": "Lauren", "last_name": "Lopez", "is_admin": false, "is_staff": false, "is_active": true, "date_joined": "2018-06-17T18:02:03.027Z", "first_access": true, "groups": [], "user_permissions": []}}, {"model": "authentication.user", "pk": 611, "fields": {"password": "pbkdf2_sha256$36000$eBt9KKIUL7QW$s0GWMwEwkhZ1LgPtITXNP9eZWjUiI3c6K1KK8olPu2A=", "last_login": null, "is_superuser": false, "email": "sarahbrown@yahoo.com", "first_name": "Linda", "last_name": "Scott", "is_admin": false, "is_staff": false, "is_active": true, "date_joined": "2018-06-17T18:02:03.091Z", "first_access": true, "groups": [], "user_permissions": []}}, {"model": "authentication.user", "pk": 612, "fields": {"password": "pbkdf2_sha256$36000$rujFDdsGEtup$BSp5zl4iJMH+BBHFdfC/Tnmg6YH5777GwEqvTYIOQMc=", "last_login": null, "is_superuser": false, "email": "crystal46@smith.com", "first_name": "Willie", "last_name": "Hudson", "is_admin": false, "is_staff": false, "is_active": true, "date_joined": "2018-06-17T18:02:03.157Z", "first_access": true, "groups": [], "user_permissions": []}}, {"model": "authentication.user", "pk": 613, "fields": {"password": "pbkdf2_sha256$36000$yGI50j6AktLx$nWsBvxQrbK/3zRol8qRnQJqoAzgwWCC6mcyVVHKkGRw=", "last_login": null, "is_superuser": false, "email": "bkim@hotmail.com", "first_name": "Barry", "last_name": "Gutierrez", "is_admin": false, "is_staff": false, "is_active": true, "date_joined": "2018-06-17T18:02:03.277Z", "first_access": true, "groups": [], "user_permissions": []}}, {"model": "authentication.user", "pk": 614, "fields": {"password": "pbkdf2_sha256$36000$wBZKXeXrgPBI$bdHVkIaQFR2X+yvPs+DAnjR5IlOoOf8Lf3GHLdMgSLU=", "last_login": null, "is_superuser": false, "email": "vjohnson@ho-odonnell.org", "first_name": "Scott", "last_name": "Davis", "is_admin": false, "is_staff": false, "is_active": true, "date_joined": "2018-06-17T18:02:03.372Z", "first_access": true, "groups": [], "user_permissions": []}}, {"model": "authentication.user", "pk": 615, "fields": {"password": "pbkdf2_sha256$36000$ZftXqF4LqKjh$UyV+BhlH1x87ILcSXdyO5faWxBhKiaqDwELnlJBw5d0=", "last_login": null, "is_superuser": false, "email": "qwalker@nichols.info", "first_name": "Glenda", "last_name": "Lawson", "is_admin": false, "is_staff": false, "is_active": true, "date_joined": "2018-06-17T18:02:03.471Z", "first_access": true, "groups": [], "user_permissions": []}}, {"model": "authentication.user", "pk": 616, "fields": {"password": "pbkdf2_sha256$36000$MXiHMVmvY134$s/8LYHnSlhDVWbS2CqgXEDO1D4WQ9GNcEDjroX0Cdqg=", "last_login": null, "is_superuser": false, "email": "xbrady@bell.com", "first_name": "Jessica", "last_name": "Gonzalez", "is_admin": false, "is_staff": false, "is_active": true, "date_joined": "2018-06-17T18:02:03.573Z", "first_access": true, "groups": [], "user_permissions": []}}, {"model": "authentication.user", "pk": 617, "fields": {"password": "pbkdf2_sha256$36000$w7duOv8qCRMS$S93nJwC6AI8Yx31DonIHFaeuiE9myJg1ryAeFeiSrmY=", "last_login": null, "is_superuser": false, "email": "jeffrey15@walsh-cardenas.biz", "first_name": "Ashlee", "last_name": "Johnson", "is_admin": false, "is_staff": false, "is_active": true, "date_joined": "2018-06-17T18:02:03.650Z", "first_access": true, "groups": [], "user_permissions": []}}, {"model": "authentication.user", "pk": 618, "fields": {"password": "pbkdf2_sha256$36000$tF5gd2mleWyR$uji/N/khm6iRl4ZxdcJEYhsWrIkGkgz2Zy6veJ+EJsY=", "last_login": null, "is_superuser": false, "email": "stephanielopez@hall-sullivan.org", "first_name": "Patrick", "last_name": "Martin", "is_admin": false, "is_staff": false, "is_active": true, "date_joined": "2018-06-17T18:02:03.716Z", "first_access": true, "groups": [], "user_permissions": []}}, {"model": "authentication.user", "pk": 619, "fields": {"password": "pbkdf2_sha256$36000$Qj9U38eAedp3$eGMVNLp2eEnhtYxJcb1NMFAT34CvbjPUsuoTHjInTbw=", "last_login": null, "is_superuser": false, "email": "jasminedavis@walls-miller.org", "first_name": "Jasmine", "last_name": "Roberts", "is_admin": false, "is_staff": false, "is_active": true, "date_joined": "2018-06-17T18:02:03.781Z", "first_access": true, "groups": [], "user_permissions": []}}, {"model": "authentication.user", "pk": 620, "fields": {"password": "pbkdf2_sha256$36000$m8GoSsIbZpHr$34GTTOQONEu8U0W9jZiPKn5/ByztUFy1cWhJPF0u558=", "last_login": null, "is_superuser": false, "email": "dwright@hotmail.com", "first_name": "Jason", "last_name": "Morales", "is_admin": false, "is_staff": false, "is_active": true, "date_joined": "2018-06-17T18:02:03.853Z", "first_access": true, "groups": [], "user_permissions": []}}, {"model": "authentication.user", "pk": 621, "fields": {"password": "pbkdf2_sha256$36000$bcJyfJmkiUZE$2WM/SoiKeJXyVt//YSO21YvpUIK4Gh0SHD618EZ3Q8E=", "last_login": null, "is_superuser": false, "email": "kellycarrillo@yahoo.com", "first_name": "Julia", "last_name": "Golden", "is_admin": false, "is_staff": false, "is_active": true, "date_joined": "2018-06-17T18:02:03.917Z", "first_access": true, "groups": [], "user_permissions": []}}, {"model": "authentication.user", "pk": 622, "fields": {"password": "pbkdf2_sha256$36000$1aT07f6f715x$sd6YJPPTS/dQ8YnHguFbazi7dyoj7hi8iGpwqimWd6I=", "last_login": null, "is_superuser": false, "email": "shawn71@lewis-brown.com", "first_name": "Scott", "last_name": "Saunders", "is_admin": false, "is_staff": false, "is_active": true, "date_joined": "2018-06-17T18:02:03.976Z", "first_access": true, "groups": [], "user_permissions": []}}, {"model": "authentication.user", "pk": 623, "fields": {"password": "pbkdf2_sha256$36000$GJbzd0SmRiva$H2Aw+xEHZkTkoc+qVSHKmScPTXCMygd9uhM4pzCqprA=", "last_login": "2018-06-17T18:04:08.065Z", "is_superuser": false, "email": "christopher12@beasley-bishop.info", "first_name": "Frances", "last_name": "Jones", "is_admin": false, "is_staff": false, "is_active": true, "date_joined": "2018-06-17T18:02:04.041Z", "first_access": false, "groups": [], "user_permissions": []}}, {"model": "account.profile", "pk": 609, "fields": {"user": 604, "description": "Point watch today maintain democratic natural.", "actual_job": "Clinical cytogeneticist", "num_contacts": 6, "img": ""}}, {"model": "account.profile", "pk": 610, "fields": {"user": 605, "description": "Amount rule effort.", "actual_job": "Materials engineer", "num_contacts": 4, "img": ""}}, {"model": "account.profile", "pk": 611, "fields": {"user": 606, "description": "Light value couple yard stop.", "actual_job": "Advertising copywriter", "num_contacts": 5, "img": ""}}, {"model": "account.profile", "pk": 612, "fields": {"user": 607, "description": "History too assume response check hour shake describe.", "actual_job": "Artist", "num_contacts": 4, "img": ""}}, {"model": "account.profile", "pk": 613, "fields": {"user": 608, "description": "Next position interesting better.", "actual_job": "Scientist, product/process development", "num_contacts": 4, "img": ""}}, {"model": "account.profile", "pk": 614, "fields": {"user": 609, "description": "Yourself create stock although book develop.", "actual_job": "Careers adviser", "num_contacts": 4, "img": ""}}, {"model": "account.profile", "pk": 615, "fields": {"user": 610, "description": "May style parent star international one.", "actual_job": "Hotel manager", "num_contacts": 4, "img": ""}}, {"model": "account.profile", "pk": 616, "fields": {"user": 611, "description": "Growth space probably sort skin.", "actual_job": "Education officer, museum", "num_contacts": 5, "img": ""}}, {"model": "account.profile", "pk": 617, "fields": {"user": 612, "description": "Grow business health land.", "actual_job": "Production manager", "num_contacts": 6, "img": ""}}, {"model": "account.profile", "pk": 618, "fields": {"user": 613, "description": "Democrat fall education never plan line office.", "actual_job": "Research scientist (maths)", "num_contacts": 6, "img": ""}}, {"model": "account.profile", "pk": 619, "fields": {"user": 614, "description": "Enough type anyone situation.", "actual_job": "Art therapist", "num_contacts": 4, "img": ""}}, {"model": "account.profile", "pk": 620, "fields": {"user": 615, "description": "House realize discussion condition bag it manager.", "actual_job": "Graphic designer", "num_contacts": 6, "img": ""}}, {"model": "account.profile", "pk": 621, "fields": {"user": 616, "description": "Maybe part hundred side old push there.", "actual_job": "Clinical research associate", "num_contacts": 6, "img": ""}}, {"model": "account.profile", "pk": 622, "fields": {"user": 617, "description": "Who actually American behind class.", "actual_job": "Clinical research associate", "num_contacts": 4, "img": ""}}, {"model": "account.profile", "pk": 623, "fields": {"user": 618, "description": "Guess spend catch store.", "actual_job": "Probation officer", "num_contacts": 6, "img": ""}}, {"model": "account.profile", "pk": 624, "fields": {"user": 619, "description": "Music guess pick travel whose.", "actual_job": "Physicist, medical", "num_contacts": 6, "img": ""}}, {"model": "account.profile", "pk": 625, "fields": {"user": 620, "description": "Near table specific almost community prevent couple need.", "actual_job": "Merchandiser, retail", "num_contacts": 5, "img": ""}}, {"model": "account.profile", "pk": 626, "fields": {"user": 621, "description": "Figure eye national career.", "actual_job": "Risk analyst", "num_contacts": 4, "img": ""}}, {"model": "account.profile", "pk": 627, "fields": {"user": 622, "description": "Situation entire apply partner few interest his.", "actual_job": "Magazine features editor", "num_contacts": 5, "img": ""}}, {"model": "account.profile", "pk": 628, "fields": {"user": 623, "description": "Wind number number southern quickly.", "actual_job": "Fashion designer", "num_contacts": 6, "img": ""}}]