[{"model": "contenttypes.contenttype", "pk": 1, "fields": {"app_label": "admin", "model": "logentry"}}, {"model": "contenttypes.contenttype", "pk": 2, "fields": {"app_label": "auth", "model": "group"}}, {"model": "contenttypes.contenttype", "pk": 3, "fields": {"app_label": "auth", "model": "permission"}}, {"model": "contenttypes.contenttype", "pk": 4, "fields": {"app_label": "contenttypes", "model": "contenttype"}}, {"model": "contenttypes.contenttype", "pk": 5, "fields": {"app_label": "sessions", "model": "session"}}, {"model": "contenttypes.contenttype", "pk": 6, "fields": {"app_label": "authentication", "model": "user"}}, {"model": "contenttypes.contenttype", "pk": 7, "fields": {"app_label": "guardian", "model": "groupobjectpermission"}}, {"model": "contenttypes.contenttype", "pk": 8, "fields": {"app_label": "guardian", "model": "userobjectpermission"}}, {"model": "contenttypes.contenttype", "pk": 9, "fields": {"app_label": "notifications", "model": "notification"}}, {"model": "contenttypes.contenttype", "pk": 10, "fields": {"app_label": "account", "model": "profile"}}, {"model": "contenttypes.contenttype", "pk": 11, "fields": {"app_label": "marathon", "model": "socialrequest"}}, {"model": "contenttypes.contenttype", "pk": 12, "fields": {"app_label": "friendship", "model": "friendship"}}, {"model": "contenttypes.contenttype", "pk": 13, "fields": {"app_label": "skiller", "model": "confirmation"}}, {"model": "contenttypes.contenttype", "pk": 14, "fields": {"app_label": "skiller", "model": "skill"}}, {"model": "contenttypes.contenttype", "pk": 15, "fields": {"app_label": "skiller", "model": "skilldata"}}, {"model": "contenttypes.contenttype", "pk": 16, "fields": {"app_label": "messanger", "model": "message"}}, {"model": "contenttypes.contenttype", "pk": 17, "fields": {"app_label": "messanger", "model": "conversation"}}, {"model": "contenttypes.contenttype", "pk": 18, "fields": {"app_label": "messanger", "model": "groupconversation"}}, {"model": "contenttypes.contenttype", "pk": 19, "fields": {"app_label": "projectpager", "model": "projectpage"}}, {"model": "contenttypes.contenttype", "pk": 20, "fields": {"app_label": "recommander", "model": "activity"}}, {"model": "contenttypes.contenttype", "pk": 21, "fields": {"app_label": "projectpager", "model": "message"}}, {"model": "contenttypes.contenttype", "pk": 22, "fields": {"app_label": "projectpager", "model": "thread"}}, {"model": "sessions.session", "pk": "4uvidtpnnx0railtwnhp3ndxlv9xar6q", "fields": {"session_data": "MmJiYzZkZWVkYmIzMGE0ZWYyOTQwMTVlMWNjNjBlYWZkZjQ2NzU5Zjp7Il9hdXRoX3VzZXJfYmFja2VuZCI6ImRqYW5nby5jb250cmliLmF1dGguYmFja2VuZHMuTW9kZWxCYWNrZW5kIiwiX2F1dGhfdXNlcl9pZCI6IjE1IiwiX2F1dGhfdXNlcl9oYXNoIjoiMzFmNTIwMGJhYWVjYmUzMWE1MDk5ODM5NDRmMjhmZTlhZGYzZGVjYiIsImp1c3RfbG9nZ2VkX2luIjpmYWxzZX0=", "expire_date": "2018-06-26T20:23:15.433Z"}}, {"model": "sessions.session", "pk": "5l156slsnvd6y96kdfjlkci8055g8ob9", "fields": {"session_data": "OGFlZjJiNWViNTM4NjVkNzZlOTQ4MWZkZDNjMWM1NWQxZmJlYzhiZTp7Il9hdXRoX3VzZXJfaWQiOiIxIiwiX2F1dGhfdXNlcl9iYWNrZW5kIjoiZGphbmdvLmNvbnRyaWIuYXV0aC5iYWNrZW5kcy5Nb2RlbEJhY2tlbmQiLCJqdXN0X2xvZ2dlZF9pbiI6ZmFsc2UsIl9hdXRoX3VzZXJfaGFzaCI6ImI2NzgzN2JlMGI4NzI2YTBjYjk4MGYxYTVjMmFhZjVlOGY0ZjQ2OTEifQ==", "expire_date": "2018-06-23T02:52:41.600Z"}}, {"model": "sessions.session", "pk": "8ey8tzok5abcctq5hgvb8hhp8t4c2410", "fields": {"session_data": "MjA2NDhkYzBkOTgzNjdkMDdmOGM2NjdiYzA3NjViN2MyZGIzNjBiNTp7Il9hdXRoX3VzZXJfaGFzaCI6ImE1OWU1ZjFiMDI1ZTA5NWUyNzhhNTlkMmIyYzBkZjUzNjc1OWRlYzYiLCJfYXV0aF91c2VyX2lkIjoiMjAiLCJqdXN0X2xvZ2dlZF9pbiI6ZmFsc2UsIl9hdXRoX3VzZXJfYmFja2VuZCI6ImRqYW5nby5jb250cmliLmF1dGguYmFja2VuZHMuTW9kZWxCYWNrZW5kIn0=", "expire_date": "2018-06-30T16:29:45.033Z"}}, {"model": "sessions.session", "pk": "9zlaxhimc2m91c825f4j7yr11m6dd5av", "fields": {"session_data": "YTM1NTk0ZDZmZDU3NmU3NGM2OGFmMWM0MTMzNTY5MDk1OTVlM2I3YTp7Il9hdXRoX3VzZXJfaWQiOiI0IiwianVzdF9sb2dnZWRfaW4iOmZhbHNlLCJfYXV0aF91c2VyX2hhc2giOiJiNGM4NTU2NjcwYmVlNzUwYmIwYzNjN2NlMDU5MzE3OTliNWRjNjljIiwiX2F1dGhfdXNlcl9iYWNrZW5kIjoiZGphbmdvLmNvbnRyaWIuYXV0aC5iYWNrZW5kcy5Nb2RlbEJhY2tlbmQifQ==", "expire_date": "2018-06-22T00:06:26.421Z"}}, {"model": "sessions.session", "pk": "alvbfo4s5dxnqfc2slu9ergu8iwaxqow", "fields": {"session_data": "MDIyMzFhODNjNDJlNDNkNTQ0NDIzZjk4MTU2ZDZmM2MxNjRhNzY0Njp7Il9hdXRoX3VzZXJfYmFja2VuZCI6ImRqYW5nby5jb250cmliLmF1dGguYmFja2VuZHMuTW9kZWxCYWNrZW5kIiwiX2F1dGhfdXNlcl9pZCI6IjE1IiwiX2F1dGhfdXNlcl9oYXNoIjoiMzFmNTIwMGJhYWVjYmUzMWE1MDk5ODM5NDRmMjhmZTlhZGYzZGVjYiJ9", "expire_date": "2018-06-20T20:15:53.500Z"}}, {"model": "sessions.session", "pk": "fz8kfbr1wl1bxdctdizv44agmm0s7eba", "fields": {"session_data": "MjcyYWQzNzFiYWE5YTE1Y2Q2NWQ5YzJmZjRlZGRjYmY2ODY0Mzk0Yzp7Il9hdXRoX3VzZXJfaWQiOiI4IiwiX2F1dGhfdXNlcl9iYWNrZW5kIjoiZGphbmdvLmNvbnRyaWIuYXV0aC5iYWNrZW5kcy5Nb2RlbEJhY2tlbmQiLCJfYXV0aF91c2VyX2hhc2giOiI3NjIzMmY3YTgxZDFhOGE2NzAzZTE1NDk0ODlhOGVkYjNlNDdkYTIwIn0=", "expire_date": "2018-06-18T23:05:17.487Z"}}, {"model": "sessions.session", "pk": "k0q684m6080xbpzn930s8ag9q86uql20", "fields": {"session_data": "MGUxYzdmZTNhOWFjYmUzZTVkNTI3ZGU0NWU4YTdlZDBmZjI0NjUwMDp7Il9hdXRoX3VzZXJfaGFzaCI6ImE1OWU1ZjFiMDI1ZTA5NWUyNzhhNTlkMmIyYzBkZjUzNjc1OWRlYzYiLCJfYXV0aF91c2VyX2lkIjoiMjAiLCJqdXN0X2xvZ2dlZF9pbiI6ZmFsc2UsIl9hdXRoX3VzZXJfYmFja2VuZCI6ImRqYW5nby5jb250cmliLmF1dGguYmFja2VuZHMuTW9kZWxCYWNrZW5kIiwicmVzdWx0cyI6Ilt7XCJtb2RlbFwiOiBcImFjY291bnQucHJvZmlsZVwiLCBcInBrXCI6IDIwLCBcImZpZWxkc1wiOiB7XCJ1c2VyXCI6IDIwLCBcImRlc2NyaXB0aW9uXCI6IFwiZHNrbGpzZGxrZmprbHNqZmxqXCIsIFwiYWN0dWFsX2pvYlwiOiBcImhlYXZlblwiLCBcIm51bV9jb250YWN0c1wiOiAzLCBcImltZ1wiOiBcIlwifX1dIn0=", "expire_date": "2018-06-27T22:28:18.642Z"}}, {"model": "sessions.session", "pk": "lkh9rtlhqblmf5nila5wp015iv6otyq4", "fields": {"session_data": "YzE3NzJiNWNjNjY0NDhiMTJjZDVmNjBkOThkYWYzMGY5N2Y4MjMyOTp7fQ==", "expire_date": "2018-06-27T12:53:19.019Z"}}, {"model": "sessions.session", "pk": "qfex4aum4svy2p0uzrzdt3ckjhuvcyu3", "fields": {"session_data": "YzE3NzJiNWNjNjY0NDhiMTJjZDVmNjBkOThkYWYzMGY5N2Y4MjMyOTp7fQ==", "expire_date": "2018-06-21T15:16:44.758Z"}}, {"model": "sessions.session", "pk": "xmvb61nrin25937zb4saazmzi8pnbujk", "fields": {"session_data": "MWE3MzMwYTJhYjJmNmU2NWY1YTY1ZGEwMTM4OTAxODYyOTU5MDk4ODp7Il9hdXRoX3VzZXJfaGFzaCI6IjMxZjUyMDBiYWFlY2JlMzFhNTA5OTgzOTQ0ZjI4ZmU5YWRmM2RlY2IiLCJfYXV0aF91c2VyX2JhY2tlbmQiOiJkamFuZ28uY29udHJpYi5hdXRoLmJhY2tlbmRzLk1vZGVsQmFja2VuZCIsIl9hdXRoX3VzZXJfaWQiOiIxNSJ9", "expire_date": "2018-06-19T21:29:13.571Z"}}, {"model": "marathon.socialrequest", "pk": 144, "fields": {"by": 4, "to": 1, "status": "ACC", "label": "friendship_request", "tile": "fabio@gmail.com has sended you a friendship request.", "date": "2018-06-15T16:11:44.678Z", "status_date": "2018-06-15T16:11:54.031Z", "data": {}}}, {"model": "marathon.socialrequest", "pk": 145, "fields": {"by": 1, "to": 4, "status": "PEN", "label": "skill_suggestion", "tile": "matt@gmail.com suggests you to add c# to your skills.", "date": "2018-06-15T19:44:35.742Z", "status_date": "2018-06-15T19:44:35.742Z", "data": {"codename": "c#"}}}, {"model": "marathon.socialrequest", "pk": 146, "fields": {"by": 1, "to": 4, "status": "PEN", "label": "skill_suggestion", "tile": "matt@gmail.com suggests you to add ciao_ciao to your skills.", "date": "2018-06-15T19:52:01.496Z", "status_date": "2018-06-15T19:52:01.496Z", "data": {"codename": "ciao_ciao"}}}, {"model": "marathon.socialrequest", "pk": 147, "fields": {"by": 1, "to": 4, "status": "PEN", "label": "skill_suggestion", "tile": "matt@gmail.com suggests you to add ciao_belo to your skills.", "date": "2018-06-15T19:56:19.158Z", "status_date": "2018-06-15T19:56:19.159Z", "data": {"codename": "ciao_belo"}}}, {"model": "marathon.socialrequest", "pk": 148, "fields": {"by": 1, "to": 4, "status": "PEN", "label": "skill_suggestion", "tile": "matt@gmail.com suggests you to add ciao_bruto to your skills.", "date": "2018-06-15T19:56:46.544Z", "status_date": "2018-06-15T19:56:46.544Z", "data": {"codename": "ciao_bruto"}}}, {"model": "marathon.socialrequest", "pk": 149, "fields": {"by": 1, "to": 4, "status": "ACC", "label": "skill_suggestion", "tile": "matt@gmail.com suggests you to add hola to your skills.", "date": "2018-06-15T20:02:06.248Z", "status_date": "2018-06-15T20:04:53.564Z", "data": {"codename": "hola"}}}, {"model": "marathon.socialrequest", "pk": 150, "fields": {"by": 1, "to": 20, "status": "DIS", "label": "friendship_request", "tile": "matt@gmail.com has sended you a friendship request.", "date": "2018-06-16T16:27:32.445Z", "status_date": "2018-06-16T16:27:32.445Z", "data": {}}}, {"model": "marathon.socialrequest", "pk": 151, "fields": {"by": 4, "to": 20, "status": "ACC", "label": "friendship_request", "tile": "fabio@gmail.com has sended you a friendship request.", "date": "2018-06-16T16:29:26.119Z", "status_date": "2018-06-16T16:30:32.973Z", "data": {}}}, {"model": "friendship.friendship", "pk": 1, "fields": {"by": 6, "to": 2, "date": "2018-06-05T11:53:39.386Z"}}, {"model": "friendship.friendship", "pk": 2, "fields": {"by": 2, "to": 6, "date": "2018-06-05T11:53:39.416Z"}}, {"model": "friendship.friendship", "pk": 3, "fields": {"by": 5, "to": 5, "date": "2018-06-05T11:53:39.437Z"}}, {"model": "friendship.friendship", "pk": 4, "fields": {"by": 5, "to": 5, "date": "2018-06-05T11:53:39.455Z"}}, {"model": "friendship.friendship", "pk": 5, "fields": {"by": 2, "to": 2, "date": "2018-06-05T11:53:39.480Z"}}, {"model": "friendship.friendship", "pk": 6, "fields": {"by": 2, "to": 2, "date": "2018-06-05T11:53:39.498Z"}}, {"model": "friendship.friendship", "pk": 11, "fields": {"by": 6, "to": 6, "date": "2018-06-05T11:53:39.631Z"}}, {"model": "friendship.friendship", "pk": 12, "fields": {"by": 6, "to": 6, "date": "2018-06-05T11:53:39.650Z"}}, {"model": "friendship.friendship", "pk": 15, "fields": {"by": 7, "to": 7, "date": "2018-06-05T11:53:39.749Z"}}, {"model": "friendship.friendship", "pk": 16, "fields": {"by": 7, "to": 7, "date": "2018-06-05T11:53:39.801Z"}}, {"model": "friendship.friendship", "pk": 43, "fields": {"by": 8, "to": 5, "date": "2018-06-05T15:10:54.124Z"}}, {"model": "friendship.friendship", "pk": 44, "fields": {"by": 5, "to": 8, "date": "2018-06-05T15:10:54.153Z"}}, {"model": "friendship.friendship", "pk": 45, "fields": {"by": 8, "to": 2, "date": "2018-06-05T15:10:56.185Z"}}, {"model": "friendship.friendship", "pk": 46, "fields": {"by": 2, "to": 8, "date": "2018-06-05T15:10:56.213Z"}}, {"model": "friendship.friendship", "pk": 53, "fields": {"by": 4, "to": 8, "date": "2018-06-13T15:49:39.085Z"}}, {"model": "friendship.friendship", "pk": 54, "fields": {"by": 8, "to": 4, "date": "2018-06-13T15:49:39.098Z"}}, {"model": "friendship.friendship", "pk": 55, "fields": {"by": 8, "to": 20, "date": "2018-06-13T16:05:47.491Z"}}, {"model": "friendship.friendship", "pk": 56, "fields": {"by": 20, "to": 8, "date": "2018-06-13T16:05:47.501Z"}}, {"model": "friendship.friendship", "pk": 59, "fields": {"by": 21, "to": 4, "date": "2018-06-15T15:35:41.372Z"}}, {"model": "friendship.friendship", "pk": 60, "fields": {"by": 4, "to": 21, "date": "2018-06-15T15:35:41.380Z"}}, {"model": "friendship.friendship", "pk": 61, "fields": {"by": 21, "to": 4, "date": "2018-06-15T15:35:43.155Z"}}, {"model": "friendship.friendship", "pk": 62, "fields": {"by": 4, "to": 21, "date": "2018-06-15T15:35:43.165Z"}}, {"model": "friendship.friendship", "pk": 63, "fields": {"by": 21, "to": 20, "date": "2018-06-15T15:37:13.868Z"}}, {"model": "friendship.friendship", "pk": 64, "fields": {"by": 20, "to": 21, "date": "2018-06-15T15:37:13.877Z"}}, {"model": "friendship.friendship", "pk": 65, "fields": {"by": 21, "to": 8, "date": "2018-06-15T15:40:46.370Z"}}, {"model": "friendship.friendship", "pk": 66, "fields": {"by": 8, "to": 21, "date": "2018-06-15T15:40:46.379Z"}}, {"model": "friendship.friendship", "pk": 67, "fields": {"by": 21, "to": 5, "date": "2018-06-15T15:42:38.321Z"}}, {"model": "friendship.friendship", "pk": 68, "fields": {"by": 5, "to": 21, "date": "2018-06-15T15:42:38.328Z"}}, {"model": "friendship.friendship", "pk": 71, "fields": {"by": 4, "to": 1, "date": "2018-06-15T16:11:54.055Z"}}, {"model": "friendship.friendship", "pk": 72, "fields": {"by": 1, "to": 4, "date": "2018-06-15T16:11:54.071Z"}}, {"model": "friendship.friendship", "pk": 73, "fields": {"by": 4, "to": 20, "date": "2018-06-16T16:30:33.005Z"}}, {"model": "friendship.friendship", "pk": 74, "fields": {"by": 20, "to": 4, "date": "2018-06-16T16:30:33.028Z"}}, {"model": "skiller.skill", "pk": 1, "fields": {"profile": 5, "data": 3, "description": "", "date": "2018-06-04T23:02:20.523Z"}}, {"model": "skiller.skill", "pk": 2, "fields": {"profile": 6, "data": 2, "description": "", "date": "2018-06-04T23:02:20.529Z"}}, {"model": "skiller.skill", "pk": 4, "fields": {"profile": 5, "data": 1, "description": "", "date": "2018-06-04T23:02:20.540Z"}}, {"model": "skiller.skill", "pk": 5, "fields": {"profile": 4, "data": 1, "description": "", "date": "2018-06-04T23:02:20.545Z"}}, {"model": "skiller.skill", "pk": 6, "fields": {"profile": 8, "data": 3, "description": "", "date": "2018-06-04T23:02:20.550Z"}}, {"model": "skiller.skill", "pk": 7, "fields": {"profile": 2, "data": 3, "description": "", "date": "2018-06-04T23:02:20.555Z"}}, {"model": "skiller.skill", "pk": 9, "fields": {"profile": 4, "data": 4, "description": "", "date": "2018-06-04T23:02:20.566Z"}}, {"model": "skiller.skill", "pk": 10, "fields": {"profile": 4, "data": 7, "description": "", "date": "2018-06-07T23:59:32.659Z"}}, {"model": "skiller.skill", "pk": 31, "fields": {"profile": 1, "data": 5, "description": "", "date": "2018-06-09T02:52:09.739Z"}}, {"model": "skiller.skill", "pk": 112, "fields": {"profile": 21, "data": 78, "description": "", "date": "2018-06-15T15:25:16.030Z"}}, {"model": "skiller.skilldata", "pk": 1, "fields": {"_codename": "c++"}}, {"model": "skiller.skilldata", "pk": 2, "fields": {"_codename": "hr"}}, {"model": "skiller.skilldata", "pk": 3, "fields": {"_codename": "coding"}}, {"model": "skiller.skilldata", "pk": 4, "fields": {"_codename": "architect"}}, {"model": "skiller.skilldata", "pk": 5, "fields": {"_codename": "excel"}}, {"model": "skiller.skilldata", "pk": 6, "fields": {"_codename": "pentester"}}, {"model": "skiller.skilldata", "pk": 7, "fields": {"_codename": "D"}}, {"model": "skiller.skilldata", "pk": 8, "fields": {"_codename": "F"}}, {"model": "skiller.skilldata", "pk": 9, "fields": {"_codename": "G"}}, {"model": "skiller.skilldata", "pk": 10, "fields": {"_codename": "+"}}, {"model": "skiller.skilldata", "pk": 11, "fields": {"_codename": "{}"}}, {"model": "skiller.skilldata", "pk": 12, "fields": {"_codename": "H"}}, {"model": "skiller.skilldata", "pk": 13, "fields": {"_codename": "\""}}, {"model": "skiller.skilldata", "pk": 14, "fields": {"_codename": "'"}}, {"model": "skiller.skilldata", "pk": 15, "fields": {"_codename": "@"}}, {"model": "skiller.skilldata", "pk": 16, "fields": {"_codename": "\\"}}, {"model": "skiller.skilldata", "pk": 17, "fields": {"_codename": "/"}}, {"model": "skiller.skilldata", "pk": 18, "fields": {"_codename": "]"}}, {"model": "skiller.skilldata", "pk": 19, "fields": {"_codename": "["}}, {"model": "skiller.skilldata", "pk": 20, "fields": {"_codename": "("}}, {"model": "skiller.skilldata", "pk": 21, "fields": {"_codename": "&"}}, {"model": "skiller.skilldata", "pk": 22, "fields": {"_codename": "%"}}, {"model": "skiller.skilldata", "pk": 23, "fields": {"_codename": "^"}}, {"model": "skiller.skilldata", "pk": 24, "fields": {"_codename": "C_C"}}, {"model": "skiller.skilldata", "pk": 25, "fields": {"_codename": "porcodio"}}, {"model": "skiller.skilldata", "pk": 26, "fields": {"_codename": "madonna"}}, {"model": "skiller.skilldata", "pk": 27, "fields": {"_codename": "faro"}}, {"model": "skiller.skilldata", "pk": 59, "fields": {"_codename": "skill"}}, {"model": "skiller.skilldata", "pk": 60, "fields": {"_codename": "cazzo"}}, {"model": "skiller.skilldata", "pk": 61, "fields": {"_codename": "gesu"}}, {"model": "skiller.skilldata", "pk": 62, "fields": {"_codename": "fica"}}, {"model": "skiller.skilldata", "pk": 63, "fields": {"_codename": "porco"}}, {"model": "skiller.skilldata", "pk": 64, "fields": {"_codename": "fabio"}}, {"model": "skiller.skilldata", "pk": 65, "fields": {"_codename": "porcone"}}, {"model": "skiller.skilldata", "pk": 66, "fields": {"_codename": "cazzone"}}, {"model": "skiller.skilldata", "pk": 67, "fields": {"_codename": "mado"}}, {"model": "skiller.skilldata", "pk": 68, "fields": {"_codename": "awon"}}, {"model": "skiller.skilldata", "pk": 69, "fields": {"_codename": "matteo"}}, {"model": "skiller.skilldata", "pk": 70, "fields": {"_codename": "cane"}}, {"model": "skiller.skilldata", "pk": 71, "fields": {"_codename": "cagare"}}, {"model": "skiller.skilldata", "pk": 72, "fields": {"_codename": "gigio"}}, {"model": "skiller.skilldata", "pk": 73, "fields": {"_codename": "azz"}}, {"model": "skiller.skilldata", "pk": 74, "fields": {"_codename": "suggest"}}, {"model": "skiller.skilldata", "pk": 75, "fields": {"_codename": "grande"}}, {"model": "skiller.skilldata", "pk": 76, "fields": {"_codename": "allah"}}, {"model": "skiller.skilldata", "pk": 77, "fields": {"_codename": "C++"}}, {"model": "skiller.skilldata", "pk": 78, "fields": {"_codename": "python"}}, {"model": "skiller.skilldata", "pk": 79, "fields": {"_codename": "python\\"}}, {"model": "skiller.skilldata", "pk": 80, "fields": {"_codename": "dio_ane"}}, {"model": "skiller.skilldata", "pk": 81, "fields": {"_codename": "ane_ane"}}, {"model": "skiller.skilldata", "pk": 82, "fields": {"_codename": "hola"}}, {"model": "messanger.conversation", "pk": 1, "fields": {"first_message": null, "last_message": null, "profiles": []}}, {"model": "messanger.conversation", "pk": 2, "fields": {"first_message": null, "last_message": null, "profiles": []}}, {"model": "messanger.conversation", "pk": 3, "fields": {"first_message": null, "last_message": 12, "profiles": [1, 4]}}, {"model": "messanger.conversation", "pk": 4, "fields": {"first_message": null, "last_message": 5, "profiles": [2]}}, {"model": "messanger.conversation", "pk": 5, "fields": {"first_message": null, "last_message": 6, "profiles": [2, 6]}}, {"model": "messanger.conversation", "pk": 6, "fields": {"first_message": null, "last_message": 8, "profiles": [1, 20]}}, {"model": "messanger.conversation", "pk": 7, "fields": {"first_message": null, "last_message": 10, "profiles": [4, 20]}}, {"model": "messanger.conversation", "pk": 8, "fields": {"first_message": null, "last_message": 11, "profiles": [4, 21]}}, {"model": "messanger.message", "pk": 1, "fields": {"conversation": 3, "sender": 1, "read_at": {"fabio@gmail.com": "2018-06-14T13:14:38.145Z"}, "message": "ciao", "_sent_at": "2018-06-14T12:58:31.392Z"}}, {"model": "messanger.message", "pk": 2, "fields": {"conversation": 3, "sender": 1, "read_at": {"fabio@gmail.com": "2018-06-14T13:14:38.140Z"}, "message": "bella", "_sent_at": "2018-06-14T13:12:06.846Z"}}, {"model": "messanger.message", "pk": 3, "fields": {"conversation": 3, "sender": 1, "read_at": {"fabio@gmail.com": "2018-06-14T13:14:38.133Z"}, "message": "AO", "_sent_at": "2018-06-14T13:12:29.595Z"}}, {"model": "messanger.message", "pk": 4, "fields": {"conversation": 3, "sender": 4, "read_at": {"matt@gmail.com": "2018-06-14T13:54:57.992Z"}, "message": "hola", "_sent_at": "2018-06-14T13:33:56.855Z"}}, {"model": "messanger.message", "pk": 5, "fields": {"conversation": 4, "sender": 2, "read_at": {}, "message": "ciao", "_sent_at": "2018-06-14T15:08:56.864Z"}}, {"model": "messanger.message", "pk": 6, "fields": {"conversation": 5, "sender": 2, "read_at": {}, "message": "ciao enri", "_sent_at": "2018-06-14T15:09:46.674Z"}}, {"model": "messanger.message", "pk": 7, "fields": {"conversation": 6, "sender": 1, "read_at": {"cristo.iddio@gmail.com": "2018-06-14T15:16:35.848Z"}, "message": "porcodio", "_sent_at": "2018-06-14T15:16:04.546Z"}}, {"model": "messanger.message", "pk": 8, "fields": {"conversation": 6, "sender": 20, "read_at": {"matt@gmail.com": "2018-06-14T15:17:51.866Z"}, "message": "porcoddue", "_sent_at": "2018-06-14T15:17:28.482Z"}}, {"model": "messanger.message", "pk": 9, "fields": {"conversation": 3, "sender": 4, "read_at": {"matt@gmail.com": "2018-06-15T22:19:49.712Z"}, "message": "ciao mat", "_sent_at": "2018-06-15T20:47:20.027Z"}}, {"model": "messanger.message", "pk": 10, "fields": {"conversation": 7, "sender": 4, "read_at": {}, "message": "hola", "_sent_at": "2018-06-15T20:47:31.790Z"}}, {"model": "messanger.message", "pk": 11, "fields": {"conversation": 8, "sender": 4, "read_at": {}, "message": "hola", "_sent_at": "2018-06-15T20:47:48.846Z"}}, {"model": "messanger.message", "pk": 12, "fields": {"conversation": 3, "sender": 1, "read_at": {}, "message": "Lorem ipsum dolor sit amet, consectetur adipiscing\nelit. Quisque molestie, ex non sollicitudin fermentum,\nnulla arcu tincidunt velit, sit amet dapibus augue nunc\nsed ligula. Curabitur nec nisl at dolo", "_sent_at": "2018-06-15T22:31:56.831Z"}}, {"model": "projectpager.projectpage", "pk": 78, "fields": {"owner": 2, "_name": "progetto", "description": "questo progetto tratta di un progetto progettoso molto importante.", "profiles": [2, 6, 8]}}, {"model": "projectpager.projectpage", "pk": 79, "fields": {"owner": 1, "_name": "ecoolo il nuovo gruppo", "description": "nuovo gruppo", "profiles": [1, 4]}}, {"model": "projectpager.projectpage", "pk": 80, "fields": {"owner": 2, "_name": "group", "description": "akjfkldjlfj", "profiles": [2]}}, {"model": "projectpager.projectpage", "pk": 81, "fields": {"owner": 2, "_name": "porcoddio", "description": "porcoddio", "profiles": [2]}}, {"model": "projectpager.projectpage", "pk": 82, "fields": {"owner": 4, "_name": "boh", "description": "fldjfl;j", "profiles": [4, 1]}}, {"model": "projectpager.projectpage", "pk": 83, "fields": {"owner": 1, "_name": "gesu cristo e risorto", "description": "allelujah", "profiles": [1]}}, {"model": "projectpager.projectpage", "pk": 84, "fields": {"owner": 1, "_name": "gesu allah", "description": "eh", "profiles": [1]}}, {"model": "projectpager.projectpage", "pk": 85, "fields": {"owner": 1, "_name": "mate_cristo", "description": "lk;k", "profiles": [1]}}, {"model": "projectpager.projectpage", "pk": 86, "fields": {"owner": 1, "_name": "mattteo_e_bello", "description": "jkjlj", "profiles": [1]}}, {"model": "projectpager.thread", "pk": 18, "fields": {"project": 79, "created_by": 4, "title": "presentazioni", "description": "jdkjl'sjf"}}, {"model": "recommander.activity", "pk": 1, "fields": {"profile": 4, "activity_type": "v", "date": "2018-06-15T16:08:36.877Z", "content_type": 10, "object_id": 1}}, {"model": "recommander.activity", "pk": 2, "fields": {"profile": 1, "activity_type": "v", "date": "2018-06-15T16:11:42.768Z", "content_type": 10, "object_id": 4}}, {"model": "recommander.activity", "pk": 3, "fields": {"profile": 15, "activity_type": "v", "date": "2018-06-08T14:48:40.738Z", "content_type": 10, "object_id": 4}}, {"model": "recommander.activity", "pk": 4, "fields": {"profile": 6, "activity_type": "v", "date": "2018-06-09T13:40:23.849Z", "content_type": 10, "object_id": 1}}, {"model": "recommander.activity", "pk": 5, "fields": {"profile": 1, "activity_type": "v", "date": "2018-06-13T14:56:26.893Z", "content_type": 10, "object_id": 20}}, {"model": "recommander.activity", "pk": 6, "fields": {"profile": 15, "activity_type": "v", "date": "2018-06-13T15:01:41.432Z", "content_type": 10, "object_id": 1}}, {"model": "recommander.activity", "pk": 7, "fields": {"profile": 4, "activity_type": "v", "date": "2018-06-13T15:06:29.741Z", "content_type": 10, "object_id": 20}}, {"model": "recommander.activity", "pk": 8, "fields": {"profile": 2, "activity_type": "v", "date": "2018-06-13T15:14:05.064Z", "content_type": 10, "object_id": 4}}, {"model": "recommander.activity", "pk": 9, "fields": {"profile": 8, "activity_type": "v", "date": "2018-06-13T15:49:28.197Z", "content_type": 10, "object_id": 4}}, {"model": "recommander.activity", "pk": 10, "fields": {"profile": 5, "activity_type": "v", "date": "2018-06-13T15:14:09.932Z", "content_type": 10, "object_id": 4}}, {"model": "recommander.activity", "pk": 11, "fields": {"profile": 20, "activity_type": "v", "date": "2018-06-13T16:05:14.760Z", "content_type": 10, "object_id": 8}}, {"model": "recommander.activity", "pk": 12, "fields": {"profile": 2, "activity_type": "v", "date": "2018-06-13T17:24:57.252Z", "content_type": 10, "object_id": 20}}, {"model": "recommander.activity", "pk": 13, "fields": {"profile": 4, "activity_type": "s", "date": "2018-06-13T17:57:13.845Z", "content_type": 10, "object_id": 20}}, {"model": "recommander.activity", "pk": 17, "fields": {"profile": 8, "activity_type": "s", "date": "2018-06-13T18:17:22.231Z", "content_type": 10, "object_id": 20}}, {"model": "recommander.activity", "pk": 18, "fields": {"profile": 1, "activity_type": "v", "date": "2018-06-15T15:30:48.098Z", "content_type": 10, "object_id": 21}}, {"model": "recommander.activity", "pk": 19, "fields": {"profile": 4, "activity_type": "v", "date": "2018-06-15T15:35:28.682Z", "content_type": 10, "object_id": 21}}, {"model": "recommander.activity", "pk": 20, "fields": {"profile": 20, "activity_type": "v", "date": "2018-06-15T15:36:49.786Z", "content_type": 10, "object_id": 21}}, {"model": "recommander.activity", "pk": 21, "fields": {"profile": 8, "activity_type": "v", "date": "2018-06-15T15:40:10.144Z", "content_type": 10, "object_id": 21}}, {"model": "recommander.activity", "pk": 22, "fields": {"profile": 5, "activity_type": "v", "date": "2018-06-15T15:42:15.162Z", "content_type": 10, "object_id": 21}}, {"model": "recommander.activity", "pk": 23, "fields": {"profile": 5, "activity_type": "v", "date": "2018-06-15T15:44:31.419Z", "content_type": 10, "object_id": 1}}, {"model": "recommander.activity", "pk": 24, "fields": {"profile": 20, "activity_type": "v", "date": "2018-06-15T16:02:48.646Z", "content_type": 10, "object_id": 5}}, {"model": "recommander.activity", "pk": 25, "fields": {"profile": 4, "activity_type": "v", "date": "2018-06-15T16:02:27.180Z", "content_type": 10, "object_id": 5}}, {"model": "recommander.activity", "pk": 26, "fields": {"profile": 7, "activity_type": "v", "date": "2018-06-15T16:05:02.320Z", "content_type": 10, "object_id": 5}}, {"model": "recommander.activity", "pk": 27, "fields": {"profile": 7, "activity_type": "v", "date": "2018-06-15T16:08:32.281Z", "content_type": 10, "object_id": 1}}, {"model": "recommander.activity", "pk": 28, "fields": {"profile": 20, "activity_type": "v", "date": "2018-06-16T16:27:29.414Z", "content_type": 10, "object_id": 1}}, {"model": "recommander.activity", "pk": 29, "fields": {"profile": 1, "activity_type": "s", "date": "2018-06-15T20:06:03.527Z", "content_type": 10, "object_id": 4}}, {"model": "recommander.activity", "pk": 30, "fields": {"profile": 7, "activity_type": "v", "date": "2018-06-15T22:15:36.921Z", "content_type": 10, "object_id": 4}}, {"model": "recommander.activity", "pk": 31, "fields": {"profile": 20, "activity_type": "v", "date": "2018-06-16T16:29:21.100Z", "content_type": 10, "object_id": 4}}, {"model": "auth.permission", "pk": 1, "fields": {"name": "Can add log entry", "content_type": 1, "codename": "add_logentry"}}, {"model": "auth.permission", "pk": 2, "fields": {"name": "Can change log entry", "content_type": 1, "codename": "change_logentry"}}, {"model": "auth.permission", "pk": 3, "fields": {"name": "Can delete log entry", "content_type": 1, "codename": "delete_logentry"}}, {"model": "auth.permission", "pk": 4, "fields": {"name": "Can add group", "content_type": 2, "codename": "add_group"}}, {"model": "auth.permission", "pk": 5, "fields": {"name": "Can change group", "content_type": 2, "codename": "change_group"}}, {"model": "auth.permission", "pk": 6, "fields": {"name": "Can delete group", "content_type": 2, "codename": "delete_group"}}, {"model": "auth.permission", "pk": 7, "fields": {"name": "Can add permission", "content_type": 3, "codename": "add_permission"}}, {"model": "auth.permission", "pk": 8, "fields": {"name": "Can change permission", "content_type": 3, "codename": "change_permission"}}, {"model": "auth.permission", "pk": 9, "fields": {"name": "Can delete permission", "content_type": 3, "codename": "delete_permission"}}, {"model": "auth.permission", "pk": 10, "fields": {"name": "Can add content type", "content_type": 4, "codename": "add_contenttype"}}, {"model": "auth.permission", "pk": 11, "fields": {"name": "Can change content type", "content_type": 4, "codename": "change_contenttype"}}, {"model": "auth.permission", "pk": 12, "fields": {"name": "Can delete content type", "content_type": 4, "codename": "delete_contenttype"}}, {"model": "auth.permission", "pk": 13, "fields": {"name": "Can add session", "content_type": 5, "codename": "add_session"}}, {"model": "auth.permission", "pk": 14, "fields": {"name": "Can change session", "content_type": 5, "codename": "change_session"}}, {"model": "auth.permission", "pk": 15, "fields": {"name": "Can delete session", "content_type": 5, "codename": "delete_session"}}, {"model": "auth.permission", "pk": 16, "fields": {"name": "Can add user", "content_type": 6, "codename": "add_user"}}, {"model": "auth.permission", "pk": 17, "fields": {"name": "Can change user", "content_type": 6, "codename": "change_user"}}, {"model": "auth.permission", "pk": 18, "fields": {"name": "Can delete user", "content_type": 6, "codename": "delete_user"}}, {"model": "auth.permission", "pk": 19, "fields": {"name": "Can add group object permission", "content_type": 7, "codename": "add_groupobjectpermission"}}, {"model": "auth.permission", "pk": 20, "fields": {"name": "Can change group object permission", "content_type": 7, "codename": "change_groupobjectpermission"}}, {"model": "auth.permission", "pk": 21, "fields": {"name": "Can delete group object permission", "content_type": 7, "codename": "delete_groupobjectpermission"}}, {"model": "auth.permission", "pk": 22, "fields": {"name": "Can add user object permission", "content_type": 8, "codename": "add_userobjectpermission"}}, {"model": "auth.permission", "pk": 23, "fields": {"name": "Can change user object permission", "content_type": 8, "codename": "change_userobjectpermission"}}, {"model": "auth.permission", "pk": 24, "fields": {"name": "Can delete user object permission", "content_type": 8, "codename": "delete_userobjectpermission"}}, {"model": "auth.permission", "pk": 25, "fields": {"name": "Can add notification", "content_type": 9, "codename": "add_notification"}}, {"model": "auth.permission", "pk": 26, "fields": {"name": "Can change notification", "content_type": 9, "codename": "change_notification"}}, {"model": "auth.permission", "pk": 27, "fields": {"name": "Can delete notification", "content_type": 9, "codename": "delete_notification"}}, {"model": "auth.permission", "pk": 28, "fields": {"name": "Can add profile", "content_type": 10, "codename": "add_profile"}}, {"model": "auth.permission", "pk": 29, "fields": {"name": "Can change profile", "content_type": 10, "codename": "change_profile"}}, {"model": "auth.permission", "pk": 30, "fields": {"name": "Can delete profile", "content_type": 10, "codename": "delete_profile"}}, {"model": "auth.permission", "pk": 31, "fields": {"name": "Can edit the profile", "content_type": 10, "codename": "can_change_profile"}}, {"model": "auth.permission", "pk": 32, "fields": {"name": "Can add social request", "content_type": 11, "codename": "add_socialrequest"}}, {"model": "auth.permission", "pk": 33, "fields": {"name": "Can change social request", "content_type": 11, "codename": "change_socialrequest"}}, {"model": "auth.permission", "pk": 34, "fields": {"name": "Can delete social request", "content_type": 11, "codename": "delete_socialrequest"}}, {"model": "auth.permission", "pk": 35, "fields": {"name": "Can add friendship", "content_type": 12, "codename": "add_friendship"}}, {"model": "auth.permission", "pk": 36, "fields": {"name": "Can change friendship", "content_type": 12, "codename": "change_friendship"}}, {"model": "auth.permission", "pk": 37, "fields": {"name": "Can delete friendship", "content_type": 12, "codename": "delete_friendship"}}, {"model": "auth.permission", "pk": 38, "fields": {"name": "Can add confirmation", "content_type": 13, "codename": "add_confirmation"}}, {"model": "auth.permission", "pk": 39, "fields": {"name": "Can change confirmation", "content_type": 13, "codename": "change_confirmation"}}, {"model": "auth.permission", "pk": 40, "fields": {"name": "Can delete confirmation", "content_type": 13, "codename": "delete_confirmation"}}, {"model": "auth.permission", "pk": 41, "fields": {"name": "Can add skill", "content_type": 14, "codename": "add_skill"}}, {"model": "auth.permission", "pk": 42, "fields": {"name": "Can change skill", "content_type": 14, "codename": "change_skill"}}, {"model": "auth.permission", "pk": 43, "fields": {"name": "Can delete skill", "content_type": 14, "codename": "delete_skill"}}, {"model": "auth.permission", "pk": 44, "fields": {"name": "Can add skill data", "content_type": 15, "codename": "add_skilldata"}}, {"model": "auth.permission", "pk": 45, "fields": {"name": "Can change skill data", "content_type": 15, "codename": "change_skilldata"}}, {"model": "auth.permission", "pk": 46, "fields": {"name": "Can delete skill data", "content_type": 15, "codename": "delete_skilldata"}}, {"model": "auth.permission", "pk": 47, "fields": {"name": "Can add message", "content_type": 16, "codename": "add_message"}}, {"model": "auth.permission", "pk": 48, "fields": {"name": "Can change message", "content_type": 16, "codename": "change_message"}}, {"model": "auth.permission", "pk": 49, "fields": {"name": "Can delete message", "content_type": 16, "codename": "delete_message"}}, {"model": "auth.permission", "pk": 50, "fields": {"name": "Can add conversation", "content_type": 17, "codename": "add_conversation"}}, {"model": "auth.permission", "pk": 51, "fields": {"name": "Can change conversation", "content_type": 17, "codename": "change_conversation"}}, {"model": "auth.permission", "pk": 52, "fields": {"name": "Can delete conversation", "content_type": 17, "codename": "delete_conversation"}}, {"model": "auth.permission", "pk": 53, "fields": {"name": "Can add group conversation", "content_type": 18, "codename": "add_groupconversation"}}, {"model": "auth.permission", "pk": 54, "fields": {"name": "Can change group conversation", "content_type": 18, "codename": "change_groupconversation"}}, {"model": "auth.permission", "pk": 55, "fields": {"name": "Can delete group conversation", "content_type": 18, "codename": "delete_groupconversation"}}, {"model": "auth.permission", "pk": 56, "fields": {"name": "Can add project page", "content_type": 19, "codename": "add_projectpage"}}, {"model": "auth.permission", "pk": 57, "fields": {"name": "Can change project page", "content_type": 19, "codename": "change_projectpage"}}, {"model": "auth.permission", "pk": 58, "fields": {"name": "Can delete project page", "content_type": 19, "codename": "delete_projectpage"}}, {"model": "auth.permission", "pk": 59, "fields": {"name": "Can post new discussions to page.", "content_type": 19, "codename": "can_post_discussions"}}, {"model": "auth.permission", "pk": 60, "fields": {"name": "Can add activity", "content_type": 20, "codename": "add_activity"}}, {"model": "auth.permission", "pk": 61, "fields": {"name": "Can change activity", "content_type": 20, "codename": "change_activity"}}, {"model": "auth.permission", "pk": 62, "fields": {"name": "Can delete activity", "content_type": 20, "codename": "delete_activity"}}, {"model": "auth.permission", "pk": 63, "fields": {"name": "Can add message", "content_type": 21, "codename": "add_message"}}, {"model": "auth.permission", "pk": 64, "fields": {"name": "Can change message", "content_type": 21, "codename": "change_message"}}, {"model": "auth.permission", "pk": 65, "fields": {"name": "Can delete message", "content_type": 21, "codename": "delete_message"}}, {"model": "auth.permission", "pk": 66, "fields": {"name": "Can add thread", "content_type": 22, "codename": "add_thread"}}, {"model": "auth.permission", "pk": 67, "fields": {"name": "Can change thread", "content_type": 22, "codename": "change_thread"}}, {"model": "auth.permission", "pk": 68, "fields": {"name": "Can delete thread", "content_type": 22, "codename": "delete_thread"}}, {"model": "auth.permission", "pk": 69, "fields": {"name": "Can open a thread", "content_type": 22, "codename": "can_open_thread"}}, {"model": "auth.permission", "pk": 70, "fields": {"name": "Can open a thread", "content_type": 22, "codename": "can_open_threads"}}, {"model": "auth.permission", "pk": 71, "fields": {"name": "Can open a thread", "content_type": 19, "codename": "can_open_threads"}}, {"model": "authentication.user", "pk": 1, "fields": {"password": "pbkdf2_sha256$36000$ILqwMQ9DwvGy$fLxbUzb5NJPam6xuQ3oSxN5im2nMAMe9qRZxYwIw5GM=", "last_login": "2018-06-16T16:29:33.518Z", "is_superuser": false, "email": "matt@gmail.com", "first_name": "matteo", "last_name": "sondrio", "is_admin": false, "is_staff": false, "is_active": true, "date_joined": "2018-06-04T23:02:07.170Z", "first_access": false, "groups": [], "user_permissions": []}}, {"model": "authentication.user", "pk": 2, "fields": {"password": "pbkdf2_sha256$36000$rf2bKKLxzSmS$oUMvtAZ0u7L1SjqhJUqS0vTJiJ0wkVT4/zIq+tRqhd0=", "last_login": "2018-06-14T14:38:28.791Z", "is_superuser": false, "email": "antonio@gmail.com", "first_name": "antonio", "last_name": "sondrio", "is_admin": false, "is_staff": false, "is_active": true, "date_joined": "2018-06-04T23:02:07.265Z", "first_access": false, "groups": [], "user_permissions": []}}, {"model": "authentication.user", "pk": 3, "fields": {"password": "pbkdf2_sha256$36000$435gmHExSqCC$WvV71CFFo/C/qnGBilDtdpjt4N7m8kQJweE6vv8U2k0=", "last_login": null, "is_superuser": false, "email": "giulia@gmail.com", "first_name": "", "last_name": "", "is_admin": false, "is_staff": false, "is_active": true, "date_joined": "2018-06-04T23:02:07.325Z", "first_access": true, "groups": [], "user_permissions": []}}, {"model": "authentication.user", "pk": 4, "fields": {"password": "pbkdf2_sha256$36000$a0bV98OObSOm$ndvSfmHCahaPsj62Tb+Ox2GVFcsjK5H60uz4YgsMpKI=", "last_login": "2018-06-16T16:27:39.795Z", "is_superuser": false, "email": "fabio@gmail.com", "first_name": "fabio", "last_name": "cogotti", "is_admin": false, "is_staff": false, "is_active": true, "date_joined": "2018-06-04T23:02:07.413Z", "first_access": false, "groups": [], "user_permissions": []}}, {"model": "authentication.user", "pk": 5, "fields": {"password": "pbkdf2_sha256$36000$Bt5h5HM7YOI5$LcrIfdEXNMRygBBmbI9xNA6IZ6uy6md90MpWDwlnQ04=", "last_login": "2018-06-15T15:57:59.050Z", "is_superuser": false, "email": "luca@gmail.com", "first_name": "luca", "last_name": "zini", "is_admin": false, "is_staff": false, "is_active": true, "date_joined": "2018-06-04T23:02:07.516Z", "first_access": true, "groups": [], "user_permissions": []}}, {"model": "authentication.user", "pk": 6, "fields": {"password": "pbkdf2_sha256$36000$9fboRMNk9RxM$9PAfFy36xFWhqiGZWpzpeh0PG0IQ3JIfP5YUDUNA2Pg=", "last_login": "2018-06-13T12:26:32.405Z", "is_superuser": false, "email": "enri@gmail.com", "first_name": "", "last_name": "", "is_admin": false, "is_staff": false, "is_active": true, "date_joined": "2018-06-04T23:02:07.615Z", "first_access": true, "groups": [], "user_permissions": []}}, {"model": "authentication.user", "pk": 7, "fields": {"password": "pbkdf2_sha256$36000$vePGWYHiNfkN$N6++Wq8l/9XOjUI2wrvdwjmt5HkqyKhgAUfO5f3mewE=", "last_login": null, "is_superuser": false, "email": "manu@gmail.com", "first_name": "", "last_name": "", "is_admin": false, "is_staff": false, "is_active": true, "date_joined": "2018-06-04T23:02:07.713Z", "first_access": true, "groups": [], "user_permissions": []}}, {"model": "authentication.user", "pk": 8, "fields": {"password": "pbkdf2_sha256$36000$YWtKdNp0RWVT$Ld+BwTTK0Y6yT+NoBTzgtDE0dTuA5rKAs7rbDSr/Koc=", "last_login": "2018-06-15T15:40:23.982Z", "is_superuser": false, "email": "vinnie@gmail.com", "first_name": "vincenzo", "last_name": "imperato", "is_admin": false, "is_staff": false, "is_active": true, "date_joined": "2018-06-04T23:02:07.773Z", "first_access": true, "groups": [], "user_permissions": []}}, {"model": "authentication.user", "pk": 9, "fields": {"password": "pbkdf2_sha256$36000$P7JyZOTU3SBS$l7rhGzhSRexE728bl8Aa1oNsoBSH/UG9KrwmxibMY0o=", "last_login": null, "is_superuser": false, "email": "giosue@gmail.com", "first_name": "", "last_name": "", "is_admin": false, "is_staff": false, "is_active": true, "date_joined": "2018-06-05T16:25:10.990Z", "first_access": true, "groups": [], "user_permissions": []}}, {"model": "authentication.user", "pk": 10, "fields": {"password": "pbkdf2_sha256$36000$eGCRvzhqI2vD$F6ka/aw0RKW2u0wpK5vAkRdBHNGI+C2TNfuzqwe/XHs=", "last_login": null, "is_superuser": false, "email": "giosue.carducci@gmail.com", "first_name": "", "last_name": "", "is_admin": false, "is_staff": false, "is_active": true, "date_joined": "2018-06-05T16:25:42.201Z", "first_access": true, "groups": [], "user_permissions": []}}, {"model": "authentication.user", "pk": 11, "fields": {"password": "pbkdf2_sha256$36000$nEiN9wOKL0zK$pOzK/xw24ruSUWTSNoBUHM3PHZakmGvnq2ArIOqaAgQ=", "last_login": null, "is_superuser": false, "email": "gigi.dimaio@gmail.com", "first_name": "", "last_name": "", "is_admin": false, "is_staff": false, "is_active": true, "date_joined": "2018-06-05T17:15:41.562Z", "first_access": true, "groups": [], "user_permissions": []}}, {"model": "authentication.user", "pk": 12, "fields": {"password": "pbkdf2_sha256$36000$XGBgGfl6vcd0$wVSm+0y4CHHoOKZ0MQW0A+A7/cHc1W1rRtOzoGBtfqs=", "last_login": null, "is_superuser": false, "email": "allah@gmail.com", "first_name": "", "last_name": "", "is_admin": false, "is_staff": false, "is_active": true, "date_joined": "2018-06-05T17:22:58.479Z", "first_access": true, "groups": [], "user_permissions": []}}, {"model": "authentication.user", "pk": 13, "fields": {"password": "pbkdf2_sha256$36000$zItHLXh28gRF$9tV0Ba/zhnsL4XiF3JrXtfRReAbEs9SCmGHJZXGtry8=", "last_login": "2018-06-05T19:19:43.487Z", "is_superuser": false, "email": "donald_glover92@gmail.com", "first_name": "", "last_name": "", "is_admin": false, "is_staff": false, "is_active": true, "date_joined": "2018-06-05T19:19:32.183Z", "first_access": true, "groups": [], "user_permissions": []}}, {"model": "authentication.user", "pk": 14, "fields": {"password": "pbkdf2_sha256$36000$vK0IgFA9Rht6$UIHtTWQ1X2AYB8ogjOGezcCrNK6IxQyVvuii4ajY0b8=", "last_login": null, "is_superuser": false, "email": "maria@gmail.com", "first_name": "", "last_name": "", "is_admin": false, "is_staff": false, "is_active": true, "date_joined": "2018-06-05T19:32:09.845Z", "first_access": true, "groups": [], "user_permissions": []}}, {"model": "authentication.user", "pk": 15, "fields": {"password": "pbkdf2_sha256$36000$PVT8WA90M2YK$XDzQE5+OotbGdhe5+V9klhh+rXmrzNq1i0fbausLQag=", "last_login": "2018-06-13T12:00:19.738Z", "is_superuser": false, "email": "gesu@gmail.com", "first_name": "gesu piccolopiccolo", "last_name": "cristo", "is_admin": false, "is_staff": false, "is_active": true, "date_joined": "2018-06-05T19:34:20.500Z", "first_access": false, "groups": [], "user_permissions": []}}, {"model": "authentication.user", "pk": 16, "fields": {"password": "pbkdf2_sha256$36000$PCVnpPYWHoYO$NC90PgHJIYlPmnScB5pdTD+dhz9FUl1WNCKURWFuwu8=", "last_login": null, "is_superuser": false, "email": "marianna@gmail.com", "first_name": "", "last_name": "", "is_admin": false, "is_staff": false, "is_active": true, "date_joined": "2018-06-05T19:39:30.482Z", "first_access": true, "groups": [], "user_permissions": []}}, {"model": "authentication.user", "pk": 17, "fields": {"password": "pbkdf2_sha256$36000$aMLPI7XaxgOA$3tYU+4oMYppwXajN8QSsUra+DDuHXcAvKYG1zycVSU8=", "last_login": "2018-06-05T20:57:38.075Z", "is_superuser": false, "email": "mario@gmail.com", "first_name": "", "last_name": "", "is_admin": false, "is_staff": false, "is_active": true, "date_joined": "2018-06-05T20:27:41.919Z", "first_access": true, "groups": [], "user_permissions": []}}, {"model": "authentication.user", "pk": 18, "fields": {"password": "pbkdf2_sha256$36000$2sbasPFR3BMs$szRu5zld/f2qV+R2ybSrhrSb7I+3JCzXgcPaRbGhUu8=", "last_login": "2018-06-07T15:38:52.017Z", "is_superuser": false, "email": "giuseppeson@gmail.com", "first_name": "", "last_name": "", "is_admin": false, "is_staff": false, "is_active": true, "date_joined": "2018-06-07T15:35:43.607Z", "first_access": false, "groups": [], "user_permissions": []}}, {"model": "authentication.user", "pk": 19, "fields": {"password": "pbkdf2_sha256$36000$ZAuA97NsgPBh$J0L6caZmsfVXkoWpNNZXu4Ty/ffoeBOoxCpmSUOrbWI=", "last_login": "2018-06-07T15:49:50.493Z", "is_superuser": false, "email": "cara@gmail.com", "first_name": "cara", "last_name": "vita", "is_admin": false, "is_staff": false, "is_active": true, "date_joined": "2018-06-07T15:43:23.442Z", "first_access": false, "groups": [], "user_permissions": []}}, {"model": "authentication.user", "pk": 20, "fields": {"password": "pbkdf2_sha256$36000$gf4Vjo3GhBW3$aCrmGlbHBxZzfDGsbU3EWac1QHGr79RSSeeDMhKTumI=", "last_login": "2018-06-16T16:29:44.735Z", "is_superuser": false, "email": "cristo.iddio@gmail.com", "first_name": "cristo", "last_name": "id", "is_admin": false, "is_staff": false, "is_active": true, "date_joined": "2018-06-13T12:52:41.959Z", "first_access": false, "groups": [], "user_permissions": []}}, {"model": "authentication.user", "pk": 21, "fields": {"password": "pbkdf2_sha256$36000$1aum3l5Ky3Mh$BaZz59GyN30R/lA59PLYql4SbnJ45HvMm8UNnybEuN4=", "last_login": "2018-06-15T15:42:53.244Z", "is_superuser": false, "email": "giova-sondrio@gmail.com", "first_name": "giovanna", "last_name": "sondrio", "is_admin": false, "is_staff": false, "is_active": true, "date_joined": "2018-06-15T11:39:03.050Z", "first_access": true, "groups": [], "user_permissions": []}}, {"model": "guardian.userobjectpermission", "pk": 1, "fields": {"permission": 31, "content_type": 10, "object_pk": "1", "user": 1}}, {"model": "guardian.userobjectpermission", "pk": 2, "fields": {"permission": 31, "content_type": 10, "object_pk": "2", "user": 2}}, {"model": "guardian.userobjectpermission", "pk": 3, "fields": {"permission": 31, "content_type": 10, "object_pk": "3", "user": 3}}, {"model": "guardian.userobjectpermission", "pk": 4, "fields": {"permission": 31, "content_type": 10, "object_pk": "4", "user": 4}}, {"model": "guardian.userobjectpermission", "pk": 5, "fields": {"permission": 31, "content_type": 10, "object_pk": "5", "user": 5}}, {"model": "guardian.userobjectpermission", "pk": 6, "fields": {"permission": 31, "content_type": 10, "object_pk": "6", "user": 6}}, {"model": "guardian.userobjectpermission", "pk": 7, "fields": {"permission": 31, "content_type": 10, "object_pk": "7", "user": 7}}, {"model": "guardian.userobjectpermission", "pk": 8, "fields": {"permission": 31, "content_type": 10, "object_pk": "8", "user": 8}}, {"model": "guardian.userobjectpermission", "pk": 9, "fields": {"permission": 31, "content_type": 10, "object_pk": "9", "user": 9}}, {"model": "guardian.userobjectpermission", "pk": 10, "fields": {"permission": 31, "content_type": 10, "object_pk": "10", "user": 10}}, {"model": "guardian.userobjectpermission", "pk": 11, "fields": {"permission": 31, "content_type": 10, "object_pk": "11", "user": 11}}, {"model": "guardian.userobjectpermission", "pk": 12, "fields": {"permission": 31, "content_type": 10, "object_pk": "12", "user": 12}}, {"model": "guardian.userobjectpermission", "pk": 13, "fields": {"permission": 31, "content_type": 10, "object_pk": "13", "user": 13}}, {"model": "guardian.userobjectpermission", "pk": 14, "fields": {"permission": 31, "content_type": 10, "object_pk": "14", "user": 14}}, {"model": "guardian.userobjectpermission", "pk": 15, "fields": {"permission": 31, "content_type": 10, "object_pk": "15", "user": 15}}, {"model": "guardian.userobjectpermission", "pk": 16, "fields": {"permission": 31, "content_type": 10, "object_pk": "16", "user": 16}}, {"model": "guardian.userobjectpermission", "pk": 17, "fields": {"permission": 31, "content_type": 10, "object_pk": "17", "user": 17}}, {"model": "guardian.userobjectpermission", "pk": 18, "fields": {"permission": 31, "content_type": 10, "object_pk": "18", "user": 18}}, {"model": "guardian.userobjectpermission", "pk": 19, "fields": {"permission": 31, "content_type": 10, "object_pk": "19", "user": 19}}, {"model": "guardian.userobjectpermission", "pk": 20, "fields": {"permission": 71, "content_type": 19, "object_pk": "74", "user": 15}}, {"model": "guardian.userobjectpermission", "pk": 21, "fields": {"permission": 71, "content_type": 19, "object_pk": "75", "user": 15}}, {"model": "guardian.userobjectpermission", "pk": 22, "fields": {"permission": 71, "content_type": 19, "object_pk": "76", "user": 1}}, {"model": "guardian.userobjectpermission", "pk": 23, "fields": {"permission": 71, "content_type": 19, "object_pk": "77", "user": 15}}, {"model": "guardian.userobjectpermission", "pk": 24, "fields": {"permission": 71, "content_type": 19, "object_pk": "78", "user": 2}}, {"model": "guardian.userobjectpermission", "pk": 25, "fields": {"permission": 71, "content_type": 19, "object_pk": "78", "user": 6}}, {"model": "guardian.userobjectpermission", "pk": 26, "fields": {"permission": 71, "content_type": 19, "object_pk": "78", "user": 8}}, {"model": "guardian.userobjectpermission", "pk": 27, "fields": {"permission": 31, "content_type": 10, "object_pk": "20", "user": 20}}, {"model": "guardian.userobjectpermission", "pk": 28, "fields": {"permission": 71, "content_type": 19, "object_pk": "79", "user": 1}}, {"model": "guardian.userobjectpermission", "pk": 29, "fields": {"permission": 71, "content_type": 19, "object_pk": "79", "user": 4}}, {"model": "guardian.userobjectpermission", "pk": 30, "fields": {"permission": 71, "content_type": 19, "object_pk": "80", "user": 2}}, {"model": "guardian.userobjectpermission", "pk": 31, "fields": {"permission": 71, "content_type": 19, "object_pk": "81", "user": 2}}, {"model": "guardian.userobjectpermission", "pk": 32, "fields": {"permission": 71, "content_type": 19, "object_pk": "82", "user": 4}}, {"model": "guardian.userobjectpermission", "pk": 33, "fields": {"permission": 71, "content_type": 19, "object_pk": "82", "user": 1}}, {"model": "guardian.userobjectpermission", "pk": 34, "fields": {"permission": 31, "content_type": 10, "object_pk": "21", "user": 21}}, {"model": "guardian.userobjectpermission", "pk": 35, "fields": {"permission": 71, "content_type": 19, "object_pk": "83", "user": 1}}, {"model": "guardian.userobjectpermission", "pk": 36, "fields": {"permission": 71, "content_type": 19, "object_pk": "84", "user": 1}}, {"model": "guardian.userobjectpermission", "pk": 37, "fields": {"permission": 71, "content_type": 19, "object_pk": "85", "user": 1}}, {"model": "guardian.userobjectpermission", "pk": 38, "fields": {"permission": 71, "content_type": 19, "object_pk": "86", "user": 1}}, {"model": "notifications.notification", "pk": 134, "fields": {"level": "info", "recipient": 20, "unread": false, "actor_content_type": 6, "actor_object_id": "1", "verb": "request", "description": "matt@gmail.com has sended you a friendship request.", "target_content_type": 11, "target_object_id": "143", "action_object_content_type": null, "action_object_object_id": null, "timestamp": "2018-06-15T16:09:04.644Z", "public": true, "deleted": false, "emailed": false, "data": null}}, {"model": "notifications.notification", "pk": 135, "fields": {"level": "info", "recipient": 1, "unread": false, "actor_content_type": 6, "actor_object_id": "4", "verb": "request", "description": "fabio@gmail.com has sended you a friendship request.", "target_content_type": 11, "target_object_id": "144", "action_object_content_type": null, "action_object_object_id": null, "timestamp": "2018-06-15T16:11:44.687Z", "public": true, "deleted": false, "emailed": false, "data": null}}, {"model": "notifications.notification", "pk": 136, "fields": {"level": "info", "recipient": 4, "unread": false, "actor_content_type": 6, "actor_object_id": "1", "verb": "friendship_is_accepted_by", "description": "matt@gmail.com has accepted you friendship request!", "target_content_type": null, "target_object_id": null, "action_object_content_type": null, "action_object_object_id": null, "timestamp": "2018-06-15T16:11:54.090Z", "public": true, "deleted": false, "emailed": false, "data": null}}, {"model": "notifications.notification", "pk": 137, "fields": {"level": "info", "recipient": 4, "unread": false, "actor_content_type": 6, "actor_object_id": "1", "verb": "request", "description": "matt@gmail.com suggests you to add c# to your skills.", "target_content_type": 11, "target_object_id": "145", "action_object_content_type": null, "action_object_object_id": null, "timestamp": "2018-06-15T19:44:35.746Z", "public": true, "deleted": false, "emailed": false, "data": null}}, {"model": "notifications.notification", "pk": 138, "fields": {"level": "info", "recipient": 4, "unread": false, "actor_content_type": 6, "actor_object_id": "1", "verb": "request", "description": "matt@gmail.com suggests you to add ciao_ciao to your skills.", "target_content_type": 11, "target_object_id": "146", "action_object_content_type": null, "action_object_object_id": null, "timestamp": "2018-06-15T19:52:01.501Z", "public": true, "deleted": false, "emailed": false, "data": null}}, {"model": "notifications.notification", "pk": 139, "fields": {"level": "info", "recipient": 4, "unread": false, "actor_content_type": 6, "actor_object_id": "1", "verb": "request", "description": "matt@gmail.com suggests you to add ciao_belo to your skills.", "target_content_type": 11, "target_object_id": "147", "action_object_content_type": null, "action_object_object_id": null, "timestamp": "2018-06-15T19:56:19.164Z", "public": true, "deleted": false, "emailed": false, "data": null}}, {"model": "notifications.notification", "pk": 140, "fields": {"level": "info", "recipient": 4, "unread": false, "actor_content_type": 6, "actor_object_id": "1", "verb": "request", "description": "matt@gmail.com suggests you to add ciao_bruto to your skills.", "target_content_type": 11, "target_object_id": "148", "action_object_content_type": null, "action_object_object_id": null, "timestamp": "2018-06-15T19:56:46.547Z", "public": true, "deleted": false, "emailed": false, "data": null}}, {"model": "notifications.notification", "pk": 141, "fields": {"level": "info", "recipient": 4, "unread": false, "actor_content_type": 6, "actor_object_id": "1", "verb": "request", "description": "matt@gmail.com suggests you to add hola to your skills.", "target_content_type": 11, "target_object_id": "149", "action_object_content_type": null, "action_object_object_id": null, "timestamp": "2018-06-15T20:02:06.261Z", "public": true, "deleted": false, "emailed": false, "data": null}}, {"model": "notifications.notification", "pk": 142, "fields": {"level": "info", "recipient": 20, "unread": false, "actor_content_type": 6, "actor_object_id": "1", "verb": "request", "description": "matt@gmail.com has sended you a friendship request.", "target_content_type": 11, "target_object_id": "150", "action_object_content_type": null, "action_object_object_id": null, "timestamp": "2018-06-16T16:27:32.465Z", "public": true, "deleted": false, "emailed": false, "data": null}}, {"model": "notifications.notification", "pk": 143, "fields": {"level": "info", "recipient": 20, "unread": false, "actor_content_type": 6, "actor_object_id": "4", "verb": "request", "description": "fabio@gmail.com has sended you a friendship request.", "target_content_type": 11, "target_object_id": "151", "action_object_content_type": null, "action_object_object_id": null, "timestamp": "2018-06-16T16:29:26.128Z", "public": true, "deleted": false, "emailed": false, "data": null}}, {"model": "notifications.notification", "pk": 144, "fields": {"level": "info", "recipient": 4, "unread": true, "actor_content_type": 6, "actor_object_id": "20", "verb": "friendship_is_accepted_by", "description": "cristo.iddio@gmail.com has accepted you friendship request!", "target_content_type": null, "target_object_id": null, "action_object_content_type": null, "action_object_object_id": null, "timestamp": "2018-06-16T16:30:33.063Z", "public": true, "deleted": false, "emailed": false, "data": null}}, {"model": "account.profile", "pk": 1, "fields": {"user": 1, "description": "Hey imma a software dveloper", "actual_job": "NTT Data -  Milano", "num_contacts": 5, "img": ""}}, {"model": "account.profile", "pk": 2, "fields": {"user": 2, "description": "lavoro alle 5 terre come agente immobiliare. Tratto comparavendite di ville.", "actual_job": "agente immobiliare cinque terre", "num_contacts": 11, "img": ""}}, {"model": "account.profile", "pk": 3, "fields": {"user": 3, "description": "", "actual_job": "", "num_contacts": 1, "img": ""}}, {"model": "account.profile", "pk": 4, "fields": {"user": 4, "description": "Hey wassup! \r\nI m an experienced designer developer; actually working for JessiePinkman inc. located in modena.\r\ncontact me at 0039 12332145", "actual_job": "", "num_contacts": 7, "img": ""}}, {"model": "account.profile", "pk": 5, "fields": {"user": 5, "description": "", "actual_job": "", "num_contacts": 12, "img": ""}}, {"model": "account.profile", "pk": 6, "fields": {"user": 6, "description": "", "actual_job": "", "num_contacts": 4, "img": ""}}, {"model": "account.profile", "pk": 7, "fields": {"user": 7, "description": "", "actual_job": "", "num_contacts": 2, "img": ""}}, {"model": "account.profile", "pk": 8, "fields": {"user": 8, "description": "", "actual_job": "disocupato", "num_contacts": 21, "img": ""}}, {"model": "account.profile", "pk": 9, "fields": {"user": 9, "description": "", "actual_job": "", "num_contacts": 0, "img": ""}}, {"model": "account.profile", "pk": 10, "fields": {"user": 10, "description": "", "actual_job": "", "num_contacts": 0, "img": ""}}, {"model": "account.profile", "pk": 11, "fields": {"user": 11, "description": "", "actual_job": "", "num_contacts": 0, "img": ""}}, {"model": "account.profile", "pk": 12, "fields": {"user": 12, "description": "", "actual_job": "", "num_contacts": 0, "img": ""}}, {"model": "account.profile", "pk": 13, "fields": {"user": 13, "description": "", "actual_job": "", "num_contacts": 0, "img": ""}}, {"model": "account.profile", "pk": 14, "fields": {"user": 14, "description": "", "actual_job": "", "num_contacts": 0, "img": ""}}, {"model": "account.profile", "pk": 15, "fields": {"user": 15, "description": "<h1>Het</h1>", "actual_job": "", "num_contacts": 0, "img": ""}}, {"model": "account.profile", "pk": 16, "fields": {"user": 16, "description": "", "actual_job": "", "num_contacts": 0, "img": ""}}, {"model": "account.profile", "pk": 17, "fields": {"user": 17, "description": "", "actual_job": "", "num_contacts": 0, "img": ""}}, {"model": "account.profile", "pk": 18, "fields": {"user": 18, "description": "", "actual_job": "", "num_contacts": 0, "img": ""}}, {"model": "account.profile", "pk": 19, "fields": {"user": 19, "description": "", "actual_job": "", "num_contacts": 0, "img": ""}}, {"model": "account.profile", "pk": 20, "fields": {"user": 20, "description": "dskljsdlkfjklsjflj", "actual_job": "heaven", "num_contacts": 5, "img": ""}}, {"model": "account.profile", "pk": 21, "fields": {"user": 21, "description": "alskjaljzncslnw", "actual_job": "casalinga", "num_contacts": 6, "img": ""}}, {"model": "skiller.confirmation", "pk": 1, "fields": {"skill": 31, "by": 20, "to": 1, "date": "2018-06-13T16:08:25.683Z"}}, {"model": "skiller.confirmation", "pk": 4, "fields": {"skill": 5, "by": 20, "to": 4, "date": "2018-06-13T17:54:22.565Z"}}, {"model": "skiller.confirmation", "pk": 6, "fields": {"skill": 9, "by": 20, "to": 4, "date": "2018-06-13T17:57:13.827Z"}}, {"model": "skiller.confirmation", "pk": 7, "fields": {"skill": 10, "by": 20, "to": 4, "date": "2018-06-13T18:15:23.089Z"}}, {"model": "skiller.confirmation", "pk": 10, "fields": {"skill": 6, "by": 20, "to": 8, "date": "2018-06-13T18:17:22.220Z"}}, {"model": "skiller.confirmation", "pk": 11, "fields": {"skill": 31, "by": 4, "to": 1, "date": "2018-06-15T20:06:03.508Z"}}]